Ürün Kodu,Ürün Adı,Kategori,Açıklama,Ürün URL,Görsel Sayısı,Görseller
PNK01,PNK01,,"150x40x90 cm Dresuar / Bahçe Mobilyası Dış mekanlara doğal şıklık katan, uzun ömürlü ve estetik bir mobilya. Bahçe ve iç mekan kullanımına uygundur; hava koşullarına karşı yüksek dayanıklılık sunar. Ürün Detayları Ölçüler: 150x40x90 cm Bakım Önerisi: Sezon sonunda mobilyanızı kapalı alanda tutmanız önerilir. İmkanınız yoksa koruma kılıfı kullanmak ürünün ömrünü uzatır. Temizliği, sert fırça ve ağır kimyasallar kullanmadan, hafif nemli bir bezle silerek yapılmalıdır. Kuruması beklenmelidir. Garanti: Tüm ürünlerimiz, teslim tarihinden itibaren 2 yıl garanti kapsamındadır. Detaylar için sıkça sorulan sorular bölümünü inceleyebilirsiniz. Teslimat: Büyük ebatlı ürünlerde sevkiyat ücreti uygulanır. Ücret, il/ilçe bilgisine ve alışveriş tutarına göre değişir. Kara ulaşımının olmadığı ilçe ve adalarda teslimat, kara tarafından seçilen iskeleye kadar yapılabilmektedir.",https://www.pinkhometr.com.tr/urun/pnk01,12,images/PNK01/PNK01_01.png | images/PNK01/PNK01_02.png | images/PNK01/PNK01_03.png | images/PNK01/PNK01_04.png | images/PNK01/PNK01_05.png | images/PNK01/PNK01_06.png | images/PNK01/PNK01_07.png | images/PNK01/PNK01_08.png | images/PNK01/PNK01_09.png | images/PNK01/PNK01_10.png | images/PNK01/PNK01_11.png | images/PNK01/PNK01_12.png
PNK02,PNK02,,"130x40x90 cm Konsol / Bahçe Mobilyası Dış mekanlara doğal şıklık katan, uzun ömürlü ve estetik bir mobilya. Bahçe ve iç mekan kullanımına uygundur; hava koşullarına karşı yüksek dayanıklılık sunar. Ürün Detayları Ölçüler: 130x40x90 cm Bakım Önerisi: Sezon sonunda mobilyanızı kapalı alanda tutmanız önerilir. İmkanınız yoksa koruma kılıfı kullanmak ürünün ömrünü uzatır. Temizliği, sert fırça ve ağır kimyasallar kullanmadan, hafif nemli bir bezle silerek yapılmalıdır. Kuruması beklenmelidir. Garanti: Tüm ürünlerimiz, teslim tarihinden itibaren 2 yıl garanti kapsamındadır. Detaylar için sıkça sorulan sorular bölümünü inceleyebilirsiniz. Teslimat: Büyük ebatlı ürünlerde sevkiyat ücreti uygulanır. Ücret, il/ilçe bilgisine ve alışveriş tutarına göre değişir. Kara ulaşımının olmadığı ilçe ve adalarda teslimat, kara tarafından seçilen iskeleye kadar yapılabilmektedir.",https://www.pinkhometr.com.tr/urun/pnk02,8,images/PNK02/PNK02_01.webp | images/PNK02/PNK02_02.webp | images/PNK02/PNK02_03.webp | images/PNK02/PNK02_04.webp | images/PNK02/PNK02_05.png | images/PNK02/PNK02_06.webp | images/PNK02/PNK02_07.webp | images/PNK02/PNK02_08.png
PNK03,PNK03,,"150x40x80 cm Şaraplık Konsol Dış mekanlara doğal şıklık katan, uzun ömürlü ve estetik bir mobilya. Bahçe ve iç mekan kullanımına uygundur; hava koşullarına karşı yüksek dayanıklılık sunar. Ürün Detayları Ölçüler: 150x40x80 cm Bakım Önerisi: Sezon sonunda mobilyanızı kapalı alanda tutmanız önerilir. İmkanınız yoksa koruma kılıfı kullanmak ürünün ömrünü uzatır. Temizliği, sert fırça ve ağır kimyasallar kullanmadan, hafif nemli bir bezle silerek yapılmalıdır. Kuruması beklenmelidir. Garanti: Tüm ürünlerimiz, teslim tarihinden itibaren 2 yıl garanti kapsamındadır. Detaylar için sıkça sorulan sorular bölümünü inceleyebilirsiniz. Teslimat: Büyük ebatlı ürünlerde sevkiyat ücreti uygulanır. Ücret, il/ilçe bilgisine ve alışveriş tutarına göre değişir. Kara ulaşımının olmadığı ilçe ve adalarda teslimat, kara tarafından seçilen iskeleye kadar yapılabilmektedir.",https://www.pinkhometr.com.tr/urun/pnk03,8,images/PNK03/PNK03_01.webp | images/PNK03/PNK03_02.webp | images/PNK03/PNK03_03.webp | images/PNK03/PNK03_04.webp | images/PNK03/PNK03_05.webp | images/PNK03/PNK03_06.webp | images/PNK03/PNK03_07.png | images/PNK03/PNK03_08.png
PNK04,PNK04,,"180x40x80 cm Antik Bahçe/Masa Mobilyası Dış mekanlara doğal şıklık katan, uzun ömürlü ve estetik bir mobilya. Bahçe ve iç mekan kullanımına uygundur; doğal çürüme, böceklenme ve hava koşullarına karşı yüksek dayanıklılık sunar. Ürün Detayları Ayak ve Tabla Malzemesi: Dayanıklı yapı Ölçüler: 180x40x80 cm Bakım Önerisi: Sezon sonunda mobilyanızı kapalı alanda tutmanız önerilir. İmkanınız yoksa koruma kılıfı kullanmak ürünün ömrünü uzatır. Temizliği, sert fırça ve ağır kimyasallar kullanmadan, hafif nemli bir bezle silerek yapılmalıdır. Kuruması beklenmelidir. Garanti: Tüm ürünlerimiz, teslim tarihinden itibaren 2 yıl garanti kapsamındadır. Detaylar için sıkça sorulan sorular bölümünü inceleyebilirsiniz. Teslimat: Büyük ebatlı ürünlerde sevkiyat ücreti uygulanır. Ücret, il/ilçe bilgisine ve alışveriş tutarına göre değişir. Kara ulaşımının olmadığı ilçe ve adalarda teslimat, kara tarafından seçilen iskeleye kadar yapılabilmektedir.",https://www.pinkhometr.com.tr/urun/pnk04,8,images/PNK04/PNK04_01.webp | images/PNK04/PNK04_02.webp | images/PNK04/PNK04_03.webp | images/PNK04/PNK04_04.webp | images/PNK04/PNK04_05.webp | images/PNK04/PNK04_06.webp | images/PNK04/PNK04_07.png | images/PNK04/PNK04_08.png
PNK05,PNK05,,"150x40x90 cm Dresuar Doğal dokuların sıcaklığını yaşam alanlarınıza taşıyan bu şık dresuar, hem dış hem de iç mekân kullanımı için uygundur. Zarif tasarımı ve işlevsel yapısı ile bulunduğu ortama estetik ve doğal bir hava katar. Ürün Detayları Ölçü: 150 x 40 x 90 cm Kullanım Alanı: Dış ve iç mekân uyumlu Tasarım: Sade, doğal ve zarif çizgiler Kapak Yapısı: Hazeran dokulu detaylar Bakım Önerisi Mobilyanızı sezon sonunda kapalı bir alanda muhafaza etmeniz önerilir. Bu mümkün değilse, koruma kılıfı kullanarak dış etkenlerden korunmasını sağlayabilirsiniz. Temizlikte sert olmayan bir fırça kullanın, ağır kimyasallar içeren deterjanlardan kaçının. Ardından hafif nemli bir bezle silip kurumasını bekleyin. Garanti ve Teslimat Tüm ürünlerimiz, fatura tarihinden itibaren 2 yıl garanti kapsamındadır. Büyük ebatlı mobilya teslimatlarında sevkiyat ücreti, gönderim yapılacak il ve ilçeye göre değişiklik gösterebilir. Kara ulaşımının olmadığı bölgelerde teslimat en yakın iskeleye kadar yapılmaktadır.",https://www.pinkhometr.com.tr/urun/pnk05,8,images/PNK05/PNK05_01.webp | images/PNK05/PNK05_02.png | images/PNK05/PNK05_03.webp | images/PNK05/PNK05_04.webp | images/PNK05/PNK05_05.webp | images/PNK05/PNK05_06.webp | images/PNK05/PNK05_07.webp | images/PNK05/PNK05_08.png
PNK06,PNK06,,"150x90x40 cm Antika Doku Dresuar Doğanın zarif izlerini taşıyan bu dresuar, rustik detaylarıyla hem dış hem iç mekânlarda sıcak bir atmosfer oluşturur. El işçiliğiyle şekillendirilen yüzeyi, kendine özgü doku farklarıyla her bir ürünü eşsiz kılar. Dayanıklı yapısı sayesinde uzun yıllar boyunca estetik görünümünü korur. Ürün Detayları Ölçü: 150 x 90 x 40 cm Yüzey: Antika doku görünümü Kullanım Alanı: Dış ve iç mekân kullanıma uygun Tasarım: Doğal çizgiler, el işçiliği dokunuşlar Bakım Önerisi Mobilyanızı sezon sonunda kapalı bir alanda muhafaza etmeniz önerilir. Bu mümkün değilse koruma kılıfı kullanarak dış etkenlerden korunmasını sağlayabilirsiniz. Temizlik için sert olmayan bir fırça tercih edin; ağır kimyasallar içeren deterjanlar kullanmayın. Ardından hafif nemli bir bezle silip kendi kendine kurumasını bekleyin. Garanti ve Teslimat Tüm ürünlerimiz, fatura tarihinden itibaren 2 yıl garanti kapsamındadır. Büyük ebatlı mobilya teslimatlarında sevkiyat ücreti, gönderim yapılacak il ve ilçeye göre değişiklik gösterebilir. Kara ulaşımının olmadığı bölgelerde teslimat, en yakın iskeleye kadar yapılmaktadır.",https://www.pinkhometr.com.tr/urun/pnk06,8,images/PNK06/PNK06_01.webp | images/PNK06/PNK06_02.webp | images/PNK06/PNK06_03.webp | images/PNK06/PNK06_04.webp | images/PNK06/PNK06_05.webp | images/PNK06/PNK06_06.png | images/PNK06/PNK06_07.webp | images/PNK06/PNK06_08.webp
PNK07,PNK07,,"250x40x80 cm Konsol – Eskitme Doku Doğal dokuların sıcaklığıyla mekânlarınıza karakter kazandıran bu konsol, zarif eskitme yüzeyiyle hem dış hem iç alanlarda dikkat çeker. Dayanıklı yapısı sayesinde uzun yıllar kullanım imkânı sunarken, sade çizgileri ve geniş depolama alanıyla estetik ve işlevselliği bir araya getirir. Ürün Detayları Ölçü: 250 x 40 x 80 cm Yüzey: Eskitme doku detaylı tasarım Kullanım Alanı: Dış ve iç mekân uyumlu Tasarım: Doğal görünüm, modern ve zamansız çizgiler Bakım Önerisi Ürününüzün uzun ömürlü olması için sezon sonunda kapalı bir alanda muhafaza etmeniz önerilir. Bu mümkün değilse koruma kılıfı kullanarak dış etkenlerden korunmasını sağlayabilirsiniz. Temizlik işlemini sert olmayan bir fırça ile, ağır kimyasallar içeren deterjanlar kullanmadan yapın. Ardından hafif nemli bir bezle silip kurumasını bekleyin. Garanti ve Teslimat Tüm ürünlerimiz, fatura tarihinden itibaren 2 yıl garanti kapsamındadır. Mobilya teslimatlarında sevkiyat ücreti, gönderim yapılacak il ve ilçeye göre değişiklik gösterebilir. Kara ulaşımının olmadığı bölgelerde teslimat, en yakın iskeleye kadar gerçekleştirilmektedir.",https://www.pinkhometr.com.tr/urun/pnk07,9,images/PNK07/PNK07_01.webp | images/PNK07/PNK07_02.webp | images/PNK07/PNK07_03.webp | images/PNK07/PNK07_04.webp | images/PNK07/PNK07_05.webp | images/PNK07/PNK07_06.webp | images/PNK07/PNK07_07.webp | images/PNK07/PNK07_08.png | images/PNK07/PNK07_09.png
PNK08,PNK 08,,"150x40x90 cm Konsol Doğanın huzurunu yaşam alanlarınıza taşıyan bu şık konsol, dış mekân koşullarına dayanıklı yapısıyla hem dış hem de iç ortamlarda rahatlıkla kullanılabilir. Zarif formu, sade çizgileri ve doğal dokusuyla bulunduğu ortama sıcaklık ve karakter kazandırır. Ürün Detayları Ölçü: 150 x 40 x 90 cm Kullanım Alanı: Dış ve iç mekân uyumlu Tasarım: Sade, doğal ve zamansız çizgiler Kapak Yapısı: Hazeran dokulu kapak tasarımı Bakım Önerisi Ürününüzün ömrünü uzatmak için sezon sonunda kapalı bir alanda muhafaza etmeniz tavsiye edilir. Bu mümkün değilse koruma kılıfı kullanarak dış etkenlerden korunmasını sağlayabilirsiniz. Temizlik için sert olmayan bir fırça kullanın, ağır kimyasallar içeren deterjanlardan kaçının. Ardından hafif nemli bir bezle silip kurumasını bekleyin. Garanti ve Teslimat Tüm ürünlerimiz, fatura tarihinden itibaren 2 yıl garanti kapsamındadır. Mobilya teslimatlarında sevkiyat ücreti, gönderim yapılacak bölgeye ve sipariş tutarına göre değişiklik gösterebilir. Kara ulaşımının olmadığı bölgelerde teslimat, en yakın iskeleye kadar yapılmaktadır.",https://www.pinkhometr.com.tr/urun/pnk8,8,images/PNK08/PNK08_01.webp | images/PNK08/PNK08_02.webp | images/PNK08/PNK08_03.webp | images/PNK08/PNK08_04.webp | images/PNK08/PNK08_05.webp | images/PNK08/PNK08_06.webp | images/PNK08/PNK08_07.webp | images/PNK08/PNK08_08.png
PNK09,PNK09,,"150x40x90 cm Konsol Doğal dokuların sıcaklığını yaşam alanlarınıza taşıyan bu özel tasarım konsol, dış mekân koşullarına uygun dayanıklı yapısıyla hem dış hem de iç ortamlarda güvenle kullanılabilir. Şık formu, zarif detayları ve kullanışlı yapısıyla bulunduğu alana doğal bir zarafet katar. Ürün Detayları Ölçü: 150 x 40 x 90 cm Kullanım Alanı: Dış ve iç mekân uyumlu Tasarım: Sade, doğal ve modern çizgiler Kapak Yapısı: Hazeran dokulu detaylar Bakım Önerisi Ürününüzü sezon sonunda kapalı bir alanda muhafaza etmeniz önerilir. Bu mümkün değilse, koruma kılıfı kullanarak dış etkenlerden korunmasını sağlayabilirsiniz. Temizlikte sert olmayan bir fırça kullanın, ağır kimyasallar içeren deterjanlardan kaçının. Ardından hafif nemli bir bezle silip kurumasını bekleyin. Garanti ve Teslimat Tüm ürünlerimiz, fatura tarihinden itibaren 2 yıl garanti kapsamındadır. Mobilya teslimatlarında sevkiyat ücreti, gönderim yapılacak bölgeye ve sipariş tutarına göre değişiklik gösterebilir. Kara ulaşımının olmadığı bölgelerde teslimat, en yakın iskeleye kadar yapılmaktadır.",https://www.pinkhometr.com.tr/urun/pnk09,8,images/PNK09/PNK09_01.png | images/PNK09/PNK09_02.webp | images/PNK09/PNK09_03.webp | images/PNK09/PNK09_04.webp | images/PNK09/PNK09_05.webp | images/PNK09/PNK09_06.webp | images/PNK09/PNK09_07.webp | images/PNK09/PNK09_08.webp
PNK10,PNK10,,"140x40x80 cm Dresuar Doğal dokuların sıcaklığını yaşam alanlarınıza taşıyan bu zarif dresuar, dış mekân koşullarına uyum sağlayan dayanıklı yapısıyla hem dış hem de iç alanlarda kullanıma uygundur. Şık formu, işlevsel yapısı ve sade çizgileriyle her ortama doğal bir zarafet kazandırır. Ürün Detayları Ölçü: 140 x 40 x 80 cm Kullanım Alanı: Dış ve iç mekân uyumlu Tasarım: Sade, doğal ve estetik görünüm Kapak Yapısı: Hazeran dokulu detaylar Bakım Önerisi Ürününüzü sezon sonunda kapalı bir alanda muhafaza etmeniz tavsiye edilir. Bu mümkün değilse koruma kılıfı kullanarak dış etkenlere karşı korunmasını sağlayabilirsiniz. Temizliği yaparken sert olmayan bir fırça tercih edin, ağır kimyasallar içeren deterjanlardan kaçının. Ardından hafif nemli bir bezle silip kurumasını bekleyin. Garanti ve Teslimat Tüm ürünlerimiz, fatura tarihinden itibaren 2 yıl garanti kapsamındadır. Mobilya teslimatlarında sevkiyat ücreti, gönderim yapılacak bölgeye ve sipariş tutarına göre değişiklik gösterebilir. Kara ulaşımının olmadığı bölgelerde teslimat, en yakın iskeleye kadar yapılmaktadır. İade Koşulları Siparişinizi teslim aldığınız tarihten itibaren 30 gün içinde , ürünü kullanmadığınız ve ambalajını bozmadığınız sürece iade edebilirsiniz.",https://www.pinkhometr.com.tr/urun/pnk10,8,images/PNK10/PNK10_01.webp | images/PNK10/PNK10_02.webp | images/PNK10/PNK10_03.webp | images/PNK10/PNK10_04.webp | images/PNK10/PNK10_05.webp | images/PNK10/PNK10_06.webp | images/PNK10/PNK10_07.webp | images/PNK10/PNK10_08.png
PNK11,PNK11,,"140x45x90 cm Dresuar Doğal dokuların huzur veren görünümüyle yaşam alanlarınıza sıcaklık kazandıran bu özel dresuar, dış mekân koşullarına dayanıklı yapısıyla hem dış hem de iç alanlarda keyifle kullanılabilir. Şık tasarımı ve zarif detaylarıyla her ortamda estetik bir bütünlük sağlar. Ürün Detayları Ölçü: 140 x 45 x 90 cm Kullanım Alanı: Dış ve iç mekân uyumlu Tasarım: Sade ve doğal yüzey dokusu Kapak Yapısı: Hazeran dokulu detaylar Bakım Önerisi Ürününüzü uzun yıllar boyunca ilk günkü görünümünde korumak için sezon sonunda kapalı bir alanda muhafaza etmeniz önerilir. Bu mümkün değilse koruma kılıfı kullanarak dış etkenlere karşı koruma sağlayabilirsiniz. Temizliği yaparken sert olmayan bir fırça tercih edin, ağır kimyasallar içeren deterjanlardan kaçının. Ardından hafif nemli bir bezle silip kurumasını bekleyin. Garanti ve Teslimat Tüm ürünlerimiz, fatura tarihinden itibaren 2 yıl garanti kapsamındadır. Mobilya teslimatlarında sevkiyat ücreti, gönderim yapılacak bölgeye ve sipariş tutarına göre değişiklik gösterebilir. Kara ulaşımının olmadığı bölgelerde teslimat en yakın iskeleye kadar yapılmaktadır.",https://www.pinkhometr.com.tr/urun/pnk11,8,images/PNK11/PNK11_01.webp | images/PNK11/PNK11_02.webp | images/PNK11/PNK11_03.webp | images/PNK11/PNK11_04.webp | images/PNK11/PNK11_05.webp | images/PNK11/PNK11_06.webp | images/PNK11/PNK11_07.webp | images/PNK11/PNK11_08.png
PNK12,PNK12,,"150x90x40 cm Konsol Doğal dokuların sıcaklığını yaşam alanlarınıza taşıyan zarif tasarımıyla hem dış hem de iç mekânlarda kullanılmaya uygun bir konsol. Estetik görünümü, işlevsel yapısı ve sade çizgileriyle bulunduğu ortama doğal bir şıklık kazandırır. Ürün Detayları Ölçü: 150 x 90 x 40 cm Kullanım Alanı: Dış ve iç mekân uyumlu Tasarım: Sade, şık ve doğal yüzey dokusu Kapak Yapısı: Hazeran dokulu kapak tasarımı Bakım Önerisi Ürününüzün uzun ömürlü kalması için sezon sonunda kapalı bir alanda muhafaza edilmesi önerilir. Bu mümkün değilse koruma kılıfı kullanmak, dış etkenlere karşı korunmasına yardımcı olur. Temizlikte sert olmayan bir fırça kullanın, ağır kimyasallar içeren deterjanlardan kaçının. Ardından hafif nemli bir bezle silip kurumasını bekleyin. Garanti ve Teslimat Tüm ürünlerimiz, fatura tarihinden itibaren 2 yıl garanti kapsamındadır. Mobilya teslimatlarında sevkiyat ücreti, gönderim yapılacak bölgeye ve sipariş tutarına göre değişiklik gösterebilir. Kara ulaşımının olmadığı bölgelerde teslimat, en yakın iskeleye kadar yapılmaktadır. İade Koşulları",https://www.pinkhometr.com.tr/urun/pnk12,8,images/PNK12/PNK12_01.webp | images/PNK12/PNK12_02.webp | images/PNK12/PNK12_03.webp | images/PNK12/PNK12_04.webp | images/PNK12/PNK12_05.webp | images/PNK12/PNK12_06.webp | images/PNK12/PNK12_07.webp | images/PNK12/PNK12_08.png
PNK13,PNK13,,"150x40x90 cm Dolap Dış mekânlarda doğallığın sıcak dokusunu hissettiren zarif tasarım... Hem dış hem de iç mekân kullanımı için uygun olan bu dolap, sade görünümüyle bulunduğu ortama huzurlu ve doğal bir atmosfer kazandırır. Uzun ömürlü yapısı sayesinde yıllar boyunca keyifle kullanılabilir. Ürün Detayları Ölçü: 150 x 40 x 90 cm Kullanım Alanı: Dış ve iç mekân uyumlu Tasarım: Doğal yüzey dokusu ve zarif form Kapak Yapısı: Hazeran dokulu kapak tasarımı Bakım Önerisi Ürününüzü sezon sonunda kapalı bir alanda muhafaza etmeniz önerilir. Bu mümkün değilse, koruma kılıfı kullanarak dış etkenlere karşı korunmasını sağlayabilirsiniz. Temizliği yaparken sert olmayan bir fırça tercih edin; ağır kimyasallar içeren deterjanlardan kaçının. Son olarak, hafif nemli bir bezle silin ve kurumasını bekleyin. Garanti ve Teslimat Tüm ürünlerimiz, fatura tarihinden itibaren 2 yıl garanti kapsamındadır. Mobilya teslimatlarında sevkiyat ücreti, gönderim yapılacak bölgeye ve sipariş tutarına göre değişiklik gösterebilir. Kara ulaşımının olmadığı bölgelerde teslimat, en yakın iskeleye kadar yapılmaktadır.",https://www.pinkhometr.com.tr/urun/pnk13,8,images/PNK13/PNK13_01.webp | images/PNK13/PNK13_02.webp | images/PNK13/PNK13_03.webp | images/PNK13/PNK13_04.webp | images/PNK13/PNK13_05.webp | images/PNK13/PNK13_06.webp | images/PNK13/PNK13_07.webp | images/PNK13/PNK13_08.png
PNK14,PNK14,,"100x40x90 cm Dolap Doğal dokuların sıcaklığını yaşam alanlarınıza taşıyan bu özel tasarım, dış mekân koşullarına dayanıklı yapısıyla hem dış hem de iç mekânlarda uzun süre kullanılabilir. Zarif formu ve işlevsel bölmeleriyle estetiği ve kullanışlılığı bir araya getirir. Ürün Detayları Ölçü: 100 x 40 x 90 cm Kullanım Alanı: Dış ve iç mekân uyumlu Tasarım: Doğal yüzey dokusu, sade ve zarif görünüm Kapak Yapısı: Hazeran dokulu kapak tasarımı Bakım Önerisi Ürünün uzun ömürlü kalması için sezon sonunda kapalı alanda muhafaza edilmesi önerilir. Bu mümkün değilse koruma kılıfı kullanmanız dayanıklılığını artıracaktır. Temizliği, sert olmayan bir fırça ile ağır kimyasallar içermeyen ürünler kullanarak yapın; ardından hafif nemli bir bezle silip kurumasını bekleyin. Garanti ve Teslimat Tüm ürünlerimiz, fatura tarihinden itibaren 2 yıl garanti kapsamındadır. Mobilya teslimatlarında, sevkiyat ücreti gönderim bölgesine ve sipariş tutarına göre değişiklik gösterebilir. Kara ulaşımının olmadığı bölgelerde teslimat en yakın iskeleye kadar yapılır.",https://www.pinkhometr.com.tr/urun/pnk14,8,images/PNK14/PNK14_01.webp | images/PNK14/PNK14_02.webp | images/PNK14/PNK14_03.webp | images/PNK14/PNK14_04.webp | images/PNK14/PNK14_05.webp | images/PNK14/PNK14_06.webp | images/PNK14/PNK14_07.png | images/PNK14/PNK14_08.webp
PNK15,PNK15,,"180X80CM 80X80CM 2 ADET BERJER SEHPA HARİÇTİR Doğallığın Zarafetle Buluştuğu El Emeği Tasarım Tamamen el işçiliğiyle üretilen bu özel oturma grubu, doğanın sıcaklığını ve huzurunu yaşam alanınıza taşır. Bir adet iki kişilik koltuk, iki adet tekli koltuk ve ortasında yer alan iki zarif sehpadan oluşan bu takım, hem işlevsel hem de estetik bir bütünlük sunar. Her bir parçası özenle işlenmiş ahşaptan üretilmiştir. El emeğiyle şekillendirilen bu tasarım, doğal malzemenin kendine özgü dokusunu koruyarak her ürünü eşsiz kılar. Ahşabın sağlığa dost yapısı, bulunduğu ortama doğal bir denge ve ferahlık kazandırır. Kimyasal içermez, bu nedenle hem fiziksel hem ruhsal açıdan huzurlu bir atmosfer oluşturur. Dayanıklı yapısı sayesinde uzun yıllar boyunca ilk günkü formunu korur. İster iç mekânda ister dış mekânda kullanın, her ortamda doğanın zarif etkisini hissedersiniz. Bu el yapımı oturma grubu, konforu, doğallığı ve estetiği bir arada arayanlar için yaşam alanlarının en özel parçası olmaya adaydır.",https://www.pinkhometr.com.tr/urun/pnk15,7,images/PNK15/PNK15_01.png | images/PNK15/PNK15_02.webp | images/PNK15/PNK15_03.webp | images/PNK15/PNK15_04.webp | images/PNK15/PNK15_05.png | images/PNK15/PNK15_06.webp | images/PNK15/PNK15_07.webp
PNK16,PNK16,,"180X90CM 90X90 CM 2 BERJER 100X70 CM SEHPA DAHİLDİR El Emeğiyle Şekillenen Doğal Zarafet El işçiliğinin ustalıkla buluştuğu bu oturma grubu, yaşam alanlarınıza doğanın sıcaklığını taşır. Bir adet iki kişilik koltuk, iki adet tekli koltuk ve ortasında yer alan sade tasarımlı sehpadan oluşan takım; hem estetik görünümü hem de konforlu yapısıyla dikkat çeker. Her bir parçası tamamen el emeğiyle üretilmiştir. Bu sayede her detayında doğallığın izleri hissedilir ve her ürün kendine özgü bir karakter taşır. Ahşabın doğal yapısı, bulunduğu ortama huzur ve sıcaklık kazandırırken; insan sağlığına dost yapısıyla ortamın havasını dengeler, ferahlık hissi oluşturur. Uzun ömürlü ve dayanıklı yapısıyla hem iç hem dış mekânlarda rahatlıkla kullanılabilen bu takım, zamansız tasarımıyla yıllar boyu ilk günkü şıklığını korur. Doğadan gelen bu özel dokuyu yaşam alanınıza taşımak isteyenler için, el emeğiyle üretilmiş bu oturma grubu ideal bir tercihtir.",https://www.pinkhometr.com.tr/urun/pnk16,9,images/PNK16/PNK16_01.webp | images/PNK16/PNK16_02.webp | images/PNK16/PNK16_03.png | images/PNK16/PNK16_04.webp | images/PNK16/PNK16_05.png | images/PNK16/PNK16_06.webp | images/PNK16/PNK16_07.png | images/PNK16/PNK16_08.webp | images/PNK16/PNK16_09.png
PNK18,PNK18,,"200X200 CM 100X70CM KÖŞE SEHPA Doğanın Huzurunu Taşıyan El Emeği Konfor Tamamen el işçiliğiyle üretilen bu özel oturma grubu, doğallığın zarafetini modern bir tasarımla birleştirir. Eşit uzunluktaki sağ ve sol kollarıyla dengeli bir koltuk, hem estetik bir görünüm sunar hem de rahat oturum alanı sayesinde uzun sohbetlerin en keyifli eşlikçisidir. Ortasında yer alan sehpa ise bütünlüğü tamamlayarak işlevselliği artırır. Ahşabın doğal yapısı, bulunduğu ortama sıcaklık ve denge katar. İnsan sağlığı üzerinde olumlu etkiler yaratan bu doğal malzeme, kimyasal barındırmadan üretilir ve bulunduğu ortamın havasını iyileştirir. Her bir parçası, ustaların özenli el emeğiyle şekillendirilmiş olup, doğanın verdiği huzuru yaşam alanınıza taşır. Hem iç hem dış mekânlarda kullanılabilecek şekilde tasarlanan bu takım, uzun ömürlü yapısı ve zamansız tasarımıyla doğallığı sevenlerin vazgeçilmezi olmaya adaydır. Doğanın ruhunu, estetikle ve konforla buluşturan bu oturma grubu, her bakışta zarafeti hissettirir.",https://www.pinkhometr.com.tr/urun/pnk18,8,images/PNK18/PNK18_01.webp | images/PNK18/PNK18_02.webp | images/PNK18/PNK18_03.webp | images/PNK18/PNK18_04.png | images/PNK18/PNK18_05.png | images/PNK18/PNK18_06.png | images/PNK18/PNK18_07.webp | images/PNK18/PNK18_08.webp
PNK19,PNK19,,"200X100CM 100X100CM SEHPA 120X80 CM Doğayla Uyumlu Zarif Tasarım Tamamen el emeğiyle üretilen bu oturma grubu, doğallığı ve konforu bir arada sunar. Bir adet iki kişilik koltuk, iki adet tekli koltuk ve ortasında yer alan zarif sehpadan oluşan takım; sade tasarımıyla her mekâna sıcak bir atmosfer kazandırır. Ahşabın doğal yapısı, bulunduğu ortama huzur verir ve insan sağlığı üzerinde olumlu etkiler yaratır. Doğadan gelen bu sıcaklık, stresin azaldığı, huzurun ve rahatlığın arttığı bir yaşam alanı oluşturur. Üretiminde tamamen doğal yöntemler ve el işçiliği kullanıldığı için her parça kendine özgü bir karakter taşır. Hem iç hem dış mekânlarda kullanılabilen bu takım, sağlamlığı ve dayanıklılığıyla uzun yıllar size eşlik eder. Şıklığıyla göz dolduran, doğallığıyla ruhu dinlendiren bu tasarım; yaşam alanınıza doğanın sakinliğini taşımak isteyenler için mükemmel bir seçimdir. .",https://www.pinkhometr.com.tr/urun/pnk19,8,images/PNK19/PNK19_01.png | images/PNK19/PNK19_02.webp | images/PNK19/PNK19_03.webp | images/PNK19/PNK19_04.png | images/PNK19/PNK19_05.webp | images/PNK19/PNK19_06.webp | images/PNK19/PNK19_07.webp | images/PNK19/PNK19_08.png
PNK20,PNK20,,"180X80 CM 80X80 CM BERJERLER SEHPA 100X70 CM Doğayla Uyumlu Zarif Tasarım Tamamen el emeğiyle üretilen bu oturma grubu, doğallığı ve konforu bir arada sunar. Bir adet üç kişilik koltuk, iki adet tekli koltuk ve ortasında yer alan zarif sehpadan oluşan takım; sade tasarımıyla her mekâna sıcak bir atmosfer kazandırır. Ahşabın doğal yapısı, bulunduğu ortama huzur verir ve insan sağlığı üzerinde olumlu etkiler yaratır. Doğadan gelen bu sıcaklık, stresin azaldığı, huzurun ve rahatlığın arttığı bir yaşam alanı oluşturur. Üretiminde tamamen doğal yöntemler ve el işçiliği kullanıldığı için her parça kendine özgü bir karakter taşır. Hem iç hem dış mekânlarda kullanılabilen bu takım, sağlamlığı ve dayanıklılığıyla uzun yıllar size eşlik eder. Şıklığıyla göz dolduran, doğallığıyla ruhu dinlendiren bu tasarım; yaşam alanınıza doğanın sakinliğini taşımak isteyenler için mükemmel bir seçimdir.",https://www.pinkhometr.com.tr/urun/pnk20,8,images/PNK20/PNK20_01.png | images/PNK20/PNK20_02.webp | images/PNK20/PNK20_03.webp | images/PNK20/PNK20_04.png | images/PNK20/PNK20_05.webp | images/PNK20/PNK20_06.png | images/PNK20/PNK20_07.webp | images/PNK20/PNK20_08.webp
PNK21,PNK21,,"L Köşe Takımı – 320x300 cm Geniş oturma alanı ve şık tasarımıyla hem iç hem de dış mekanlarda kullanım için ideal olan L köşe takımı, konforlu ve estetik bir yaşam alanı sunar. Modern hatları ve fonksiyonel yapısıyla her dekorasyon tarzına uyum sağlar. Ürün Detayları Köşe Ölçüsü: 320x300 cm İç ve dış mekan kullanımı için uygundur Dayanıklı ve uzun ömürlü tasarım Talebe göre kişiselleştirilebilir Bakım Önerisi Sezon sonunda ürünün kapalı alanda muhafaza edilmesi önerilir; mümkün değilse koruma kılıfı kullanılabilir. Temizlik sırasında sert kimyasallar yerine hafif nemli bez kullanılmalı ve ürünün doğal şekilde kuruması beklenmelidir. Garanti ve Teslimat Fatura tarihinden itibaren 2 yıl garanti Büyük ebatlı ürün teslimatlarında sevkiyat ücreti, adres ve alışveriş tutarına göre değişiklik gösterebilir Teslim aldıktan sonra 30 gün içinde , kullanılmamış ve ambalajı bozulmamış ürünler iade edilebilir",https://www.pinkhometr.com.tr/urun/pnk21,10,images/PNK21/PNK21_01.webp | images/PNK21/PNK21_02.png | images/PNK21/PNK21_03.webp | images/PNK21/PNK21_04.webp | images/PNK21/PNK21_05.webp | images/PNK21/PNK21_06.webp | images/PNK21/PNK21_07.webp | images/PNK21/PNK21_08.png | images/PNK21/PNK21_09.jpg | images/PNK21/PNK21_10.png
PNK22,PNK22,,"Doğayla Uyumlu Zarif Tasarım rus çamı ağacı 180x80 cm. 80x80cm 2 adet berjer 80 cm sehpa Tamamen el emeğiyle üretilen bu oturma grubu, doğallığı ve konforu bir arada sunar. Bir adet iki kişilik koltuk, iki adet tekli koltuk ve ortasında yer alan zarif sehpadan oluşan takım; sade tasarımıyla her mekâna sıcak bir atmosfer kazandırır. Ahşabın doğal yapısı, bulunduğu ortama huzur verir ve insan sağlığı üzerinde olumlu etkiler yaratır. Doğadan gelen bu sıcaklık, stresin azaldığı, huzurun ve rahatlığın arttığı bir yaşam alanı oluşturur. Üretiminde tamamen doğal yöntemler ve el işçiliği kullanıldığı için her parça kendine özgü bir karakter taşır. Hem iç hem dış mekânlarda kullanılabilen bu takım, sağlamlığı ve dayanıklılığıyla uzun yıllar size eşlik eder. Şıklığıyla göz dolduran, doğallığıyla ruhu dinlendiren bu tasarım; yaşam alanınıza doğanın sakinliğini taşımak isteyenler için mükemmel bir seçimdir.",https://www.pinkhometr.com.tr/urun/pnk22,8,images/PNK22/PNK22_01.webp | images/PNK22/PNK22_02.png | images/PNK22/PNK22_03.webp | images/PNK22/PNK22_04.png | images/PNK22/PNK22_05.webp | images/PNK22/PNK22_06.png | images/PNK22/PNK22_07.webp | images/PNK22/PNK22_08.webp
PNK24,PNK24,,"150X75CM. 75X75CM 2 ADET TEKLİ SEHPA HARİÇTİR Doğallığın Sıcaklığıyla Şekillenen Konfor El emeğiyle özenle üretilen bu oturma grubu, sade tasarımıyla yaşam alanlarınıza doğanın huzurunu taşır. Bir adet iki kişilik koltuk, iki adet tekli koltuk ve ortada yer alan şık sehpadan oluşan bu takım, hem estetik hem de işlevsel bir kullanım sunar. Ahşabın doğal yapısı, bulunduğu ortama sıcaklık ve denge kazandırırken insan sağlığı açısından da son derece faydalıdır. Doğal malzemelerden üretilmiş olması sayesinde kimyasal içermez, bu da evinizde ferah ve sağlıklı bir atmosfer oluşturur. Dayanıklı yapısı, uzun yıllar boyunca konforundan ve zarafetinden ödün vermeden kullanılabilmesini sağlar. Bu özel takım, el işçiliğinin değerini ve doğallığın güzelliğini yaşam alanınıza taşıyarak her oturumu keyifli bir deneyime dönüştürür.",https://www.pinkhometr.com.tr/urun/pnk24,8,images/PNK24/PNK24_01.png | images/PNK24/PNK24_02.webp | images/PNK24/PNK24_03.webp | images/PNK24/PNK24_04.png | images/PNK24/PNK24_05.webp | images/PNK24/PNK24_06.webp | images/PNK24/PNK24_07.webp | images/PNK24/PNK24_08.png
PNK26,PNK26,,"200X70X45 CM TV ÜNİTESİ. AKSESUAR KULPLAR DEĞİŞİKLİK GÖSTERİR. Dış mekanalara doğal ahşabın eşsiz dokuları...KESTANE ağacından üretilen, bu sayede doğal çürüme, böceklenme ve hastalıklara karşı yüksek direnç gösteren bahçe kullanıma uygun dış ve iç mekan mobilyası. Ürün Detayları Ayak ve Tabla Mazlemesi:KESTANE Bakım Önerisi: Sezon sonunda kapalı alanda tutmanız daha doğru olacaktır buna imkanınız yoksa koruma kılıfı kullanmanız mobilyanızın uzun ömürlü olmasını sağlar.Temizliği öncelikle çok sert olmayan bir fırça ile ağır kimyasallar içeren deterjanlar kullanmadan yapılmalı ardından hafif nemli bir bezle silinerek kuruması beklenmeli. Malzeme: %100 Kestane Pink Home olarak ürün gruplarımıza göre, tüm ürünlerimizde faturanız üzerinde bulunan tarihten itibaren 2 yıl garanti veya sorumluluk süremiz bulunmaktadır. Daha fazla bilgi için sıkça sorulan sorular bölümünü inceleyiniz. Mobilya gibi büyük ebatlı ürün teslimatlarında sevkiyat ücreti uygulanır. Sevkiyat ücreti gönderilecek il-ilçe bilgisine ve alışveriş tutarına göre değişmektedir. Sevkiyat ücret bilgileri ödeme kısmında özel nakliye kısmında yaklaşık olarak belirtilir. Kara ulaşımının olmadığı ilçe ve adalarda teslimat kara tarafından seçilen iskeleye kadar yapılabilmektedir. Siparişinizi, teslim aldığınız tarihten itibaren 30 gün içerisinde kullanmadığınız ve ürün ya da ambalajını (satılabilirliğini) bozmadığınız sürece iade edebilirsiniz.",https://www.pinkhometr.com.tr/urun/pnk26,4,images/PNK26/PNK26_01.png | images/PNK26/PNK26_02.webp | images/PNK26/PNK26_03.png | images/PNK26/PNK26_04.webp
PNK27,PNK27,,"200X40X50 CM ANTİKA GERİ DÖNÜŞTÜRÜLMÜŞ AĞAÇTAN YAPILIR DOĞAL DOKUDAN DOLAYI DAMARLAR VE YIPRANIKLIK FARKLILIK GÖSTEREBİLİR. Dış mekanalara doğal ahşabın eşsiz dokuları...ANTİK ağaçlardan üretilen, bu sayede doğal çürüme, böceklenme ve hastalıklara karşı yüksek direnç gösteren bahçe kullanıma uygun dış ve iç mekan mobilyası. Ürün Detayları Ahşap Malzemesi:ANTİKA AĞAÇ Bakım Önerisi: Sezon sonunda kapalı alanda tutmanız daha doğru olacaktır buna imkanınız yoksa koruma kılıfı kullanmanız mobilyanızın uzun ömürlü olmasını sağlar.Temizliği öncelikle çok sert olmayan bir fırça ile ağır kimyasallar içeren deterjanlar kullanmadan yapılmalı ardından hafif nemli bir bezle silinerek kuruması beklenmeli. Malzeme: %100 ANTİK AĞAÇ Pink Home olarak ürün gruplarımıza göre, tüm ürünlerimizde faturanız üzerinde bulunan tarihten itibaren 2 yıl garanti veya sorumluluk süremiz bulunmaktadır. Daha fazla bilgi için sıkça sorulan sorular bölümünü inceleyiniz. Mobilya gibi büyük ebatlı ürün teslimatlarında sevkiyat ücreti uygulanır. Sevkiyat ücreti gönderilecek il-ilçe bilgisine ve alışveriş tutarına göre değişmektedir. Sevkiyat ücret bilgileri ödeme kısmında özel nakliye kısmında yaklaşık olarak belirtilir. Kara ulaşımının olmadığı ilçe ve adalarda teslimat kara tarafından seçilen iskeleye kadar yapılabilmektedir. Siparişinizi, teslim aldığınız tarihten itibaren 30 gün içerisinde kullanmadığınız ve ürün ya da ambalajını (satılabilirliğini) bozmadığınız sürece iade edebilirsiniz.",https://www.pinkhometr.com.tr/urun/pnk27,4,images/PNK27/PNK27_01.webp | images/PNK27/PNK27_02.png | images/PNK27/PNK27_03.webp | images/PNK27/PNK27_04.png
PNK28,PNK28,,"200X45X50CM TV ÜNİTESİ Dış mekanalara doğal ahşabın eşsiz dokuları...KESTANE ağacından üretilen, bu sayede doğal çürüme, böceklenme ve hastalıklara karşı yüksek direnç gösteren bahçe kullanıma uygun dış ve iç mekan mobilyası. Ürün Detayları Ayak ve Tabla Mazlemesi:KESTANE Bakım Önerisi: Sezon sonunda kapalı alanda tutmanız daha doğru olacaktır buna imkanınız yoksa koruma kılıfı kullanmanız mobilyanızın uzun ömürlü olmasını sağlar.Temizliği öncelikle çok sert olmayan bir fırça ile ağır kimyasallar içeren deterjanlar kullanmadan yapılmalı ardından hafif nemli bir bezle silinerek kuruması beklenmeli. Malzeme: %100 Kestane Pink Home olarak ürün gruplarımıza göre, tüm ürünlerimizde faturanız üzerinde bulunan tarihten itibaren 2 yıl garanti veya sorumluluk süremiz bulunmaktadır. Daha fazla bilgi için sıkça sorulan sorular bölümünü inceleyiniz. Mobilya gibi büyük ebatlı ürün teslimatlarında sevkiyat ücreti uygulanır. Sevkiyat ücreti gönderilecek il-ilçe bilgisine ve alışveriş tutarına göre değişmektedir. Sevkiyat ücret bilgileri ödeme kısmında özel nakliye kısmında yaklaşık olarak belirtilir. Kara ulaşımının olmadığı ilçe ve adalarda teslimat kara tarafından seçilen iskeleye kadar yapılabilmektedir. Siparişinizi, teslim aldığınız tarihten itibaren 30 gün içerisinde kullanmadığınız ve ürün ya da ambalajını (satılabilirliğini) bozmadığınız sürece iade edebilirsiniz.",https://www.pinkhometr.com.tr/urun/pnk28,4,images/PNK28/PNK28_01.webp | images/PNK28/PNK28_02.webp | images/PNK28/PNK28_03.png | images/PNK28/PNK28_04.png
PNK29,PNK29,,"40X200CM Dış mekanalara doğal ahşabın eşsiz dokuları...KESTANE ağacından üretilen, bu sayede doğal çürüme, böceklenme ve hastalıklara karşı yüksek direnç gösteren bahçe kullanıma uygun dış ve iç mekan mobilyası. Ürün Detayları Ayak ve Tabla Mazlemesi:KESTANE Bakım Önerisi: Sezon sonunda kapalı alanda tutmanız daha doğru olacaktır buna imkanınız yoksa koruma kılıfı kullanmanız mobilyanızın uzun ömürlü olmasını sağlar.Temizliği öncelikle çok sert olmayan bir fırça ile ağır kimyasallar içeren deterjanlar kullanmadan yapılmalı ardından hafif nemli bir bezle silinerek kuruması beklenmeli. Malzeme: %100 Kestane Pink Home olarak ürün gruplarımıza göre, tüm ürünlerimizde faturanız üzerinde bulunan tarihten itibaren 2 yıl garanti veya sorumluluk süremiz bulunmaktadır. Daha fazla bilgi için sıkça sorulan sorular bölümünü inceleyiniz. Mobilya gibi büyük ebatlı ürün teslimatlarında sevkiyat ücreti uygulanır. Sevkiyat ücreti gönderilecek il-ilçe bilgisine ve alışveriş tutarına göre değişmektedir. Sevkiyat ücret bilgileri ödeme kısmında özel nakliye kısmında yaklaşık olarak belirtilir. Kara ulaşımının olmadığı ilçe ve adalarda teslimat kara tarafından seçilen iskeleye kadar yapılabilmektedir. Siparişinizi, teslim aldığınız tarihten itibaren 30 gün içerisinde kullanmadığınız ve ürün ya da ambalajını (satılabilirliğini) bozmadığınız sürece iade edebilirsiniz.",https://www.pinkhometr.com.tr/urun/pnk29,4,images/PNK29/PNK29_01.webp | images/PNK29/PNK29_02.webp | images/PNK29/PNK29_03.png | images/PNK29/PNK29_04.png
PNK30,PNK30,,"150X90 CM 40CM YÜKSEKLİK Dış mekanalara doğal ahşabın eşsiz dokuları...KESTANE ağacından üretilen, bu sayede doğal çürüme, böceklenme ve hastalıklara karşı yüksek direnç gösteren bahçe kullanıma uygun dış ve iç mekan mobilyası. Ürün Detayları Ayak ve Tabla Mazlemesi:KESTANE Bakım Önerisi: Sezon sonunda kapalı alanda tutmanız daha doğru olacaktır buna imkanınız yoksa koruma kılıfı kullanmanız mobilyanızın uzun ömürlü olmasını sağlar.Temizliği öncelikle çok sert olmayan bir fırça ile ağır kimyasallar içeren deterjanlar kullanmadan yapılmalı ardından hafif nemli bir bezle silinerek kuruması beklenmeli. Malzeme: %100 Kestane Pink Home olarak ürün gruplarımıza göre, tüm ürünlerimizde faturanız üzerinde bulunan tarihten itibaren 2 yıl garanti veya sorumluluk süremiz bulunmaktadır. Daha fazla bilgi için sıkça sorulan sorular bölümünü inceleyiniz. Mobilya gibi büyük ebatlı ürün teslimatlarında sevkiyat ücreti uygulanır. Sevkiyat ücreti gönderilecek il-ilçe bilgisine ve alışveriş tutarına göre değişmektedir. Sevkiyat ücret bilgileri ödeme kısmında özel nakliye kısmında yaklaşık olarak belirtilir. Kara ulaşımının olmadığı ilçe ve adalarda teslimat kara tarafından seçilen iskeleye kadar yapılabilmektedir. Siparişinizi, teslim aldığınız tarihten itibaren 30 gün içerisinde kullanmadığınız ve ürün ya da ambalajını (satılabilirliğini) bozmadığınız sürece iade edebilirsiniz.",https://www.pinkhometr.com.tr/urun/pnk30,4,images/PNK30/PNK30_01.webp | images/PNK30/PNK30_02.png | images/PNK30/PNK30_03.webp | images/PNK30/PNK30_04.png
PNK31,PNK31,,"GERİ DÖNÜŞTÜRÜLMÜŞ AĞAÇ SEHPA 75 CM Dış mekanalara doğal ahşabın eşsiz dokuları...ANTİK ağaçlardan üretilen, bu sayede doğal çürüme, böceklenme ve hastalıklara karşı yüksek direnç gösteren bahçe kullanıma uygun dış ve iç mekan mobilyası. Ürün Detayları Ahşap Malzemesi:ANTİKA AĞAÇ Bakım Önerisi: Sezon sonunda kapalı alanda tutmanız daha doğru olacaktır buna imkanınız yoksa koruma kılıfı kullanmanız mobilyanızın uzun ömürlü olmasını sağlar.Temizliği öncelikle çok sert olmayan bir fırça ile ağır kimyasallar içeren deterjanlar kullanmadan yapılmalı ardından hafif nemli bir bezle silinerek kuruması beklenmeli. Malzeme: %100 ANTİK AĞAÇ Pink Home olarak ürün gruplarımıza göre, tüm ürünlerimizde faturanız üzerinde bulunan tarihten itibaren 2 yıl garanti veya sorumluluk süremiz bulunmaktadır. Daha fazla bilgi için sıkça sorulan sorular bölümünü inceleyiniz. Mobilya gibi büyük ebatlı ürün teslimatlarında sevkiyat ücreti uygulanır. Sevkiyat ücreti gönderilecek il-ilçe bilgisine ve alışveriş tutarına göre değişmektedir. Sevkiyat ücret bilgileri ödeme kısmında özel nakliye kısmında yaklaşık olarak belirtilir. Kara ulaşımının olmadığı ilçe ve adalarda teslimat kara tarafından seçilen iskeleye kadar yapılabilmektedir. Siparişinizi, teslim aldığınız tarihten itibaren 30 gün içerisinde kullanmadığınız ve ürün ya da ambalajını (satılabilirliğini) bozmadığınız sürece iade edebilirsiniz.",https://www.pinkhometr.com.tr/urun/pnk31,4,images/PNK31/PNK31_01.webp | images/PNK31/PNK31_02.png | images/PNK31/PNK31_03.webp | images/PNK31/PNK31_04.png
PNK32,PNK32,,"70X100 CM SEHPA Dış mekanalara doğal ahşabın eşsiz dokuları...KESTANE ağacından üretilen, bu sayede doğal çürüme, böceklenme ve hastalıklara karşı yüksek direnç gösteren bahçe kullanıma uygun dış ve iç mekan mobilyası. Ürün Detayları Ayak ve Tabla Mazlemesi:KESTANE Bakım Önerisi: Sezon sonunda kapalı alanda tutmanız daha doğru olacaktır buna imkanınız yoksa koruma kılıfı kullanmanız mobilyanızın uzun ömürlü olmasını sağlar.Temizliği öncelikle çok sert olmayan bir fırça ile ağır kimyasallar içeren deterjanlar kullanmadan yapılmalı ardından hafif nemli bir bezle silinerek kuruması beklenmeli. Malzeme: %100 Kestane Pink Home olarak ürün gruplarımıza göre, tüm ürünlerimizde faturanız üzerinde bulunan tarihten itibaren 2 yıl garanti veya sorumluluk süremiz bulunmaktadır. Daha fazla bilgi için sıkça sorulan sorular bölümünü inceleyiniz. Mobilya gibi büyük ebatlı ürün teslimatlarında sevkiyat ücreti uygulanır. Sevkiyat ücreti gönderilecek il-ilçe bilgisine ve alışveriş tutarına göre değişmektedir. Sevkiyat ücret bilgileri ödeme kısmında özel nakliye kısmında yaklaşık olarak belirtilir. Kara ulaşımının olmadığı ilçe ve adalarda teslimat kara tarafından seçilen iskeleye kadar yapılabilmektedir. Siparişinizi, teslim aldığınız tarihten itibaren 30 gün içerisinde kullanmadığınız ve ürün ya da ambalajını (satılabilirliğini) bozmadığınız sürece iade edebilirsiniz.",https://www.pinkhometr.com.tr/urun/pnk32,4,images/PNK32/PNK32_01.webp | images/PNK32/PNK32_02.png | images/PNK32/PNK32_03.webp | images/PNK32/PNK32_04.png
PNK33,PNK33,,"120 CM UZUNLUK DOĞAL GENİŞLİK ENİNDE. YÜKSEKLİK 45 CM. TEK ADET FİYATIDIR. Dış mekanalara doğal ahşabın eşsiz dokuları...KESTANE ağacından üretilen, bu sayede doğal çürüme, böceklenme ve hastalıklara karşı yüksek direnç gösteren bahçe kullanıma uygun dış ve iç mekan mobilyası. Ürün Detayları Ayak ve Tabla Mazlemesi:KESTANE Bakım Önerisi: Sezon sonunda kapalı alanda tutmanız daha doğru olacaktır buna imkanınız yoksa koruma kılıfı kullanmanız mobilyanızın uzun ömürlü olmasını sağlar.Temizliği öncelikle çok sert olmayan bir fırça ile ağır kimyasallar içeren deterjanlar kullanmadan yapılmalı ardından hafif nemli bir bezle silinerek kuruması beklenmeli. Malzeme: %100 Kestane Pink Home olarak ürün gruplarımıza göre, tüm ürünlerimizde faturanız üzerinde bulunan tarihten itibaren 2 yıl garanti veya sorumluluk süremiz bulunmaktadır. Daha fazla bilgi için sıkça sorulan sorular bölümünü inceleyiniz. Mobilya gibi büyük ebatlı ürün teslimatlarında sevkiyat ücreti uygulanır. Sevkiyat ücreti gönderilecek il-ilçe bilgisine ve alışveriş tutarına göre değişmektedir. Sevkiyat ücret bilgileri ödeme kısmında özel nakliye kısmında yaklaşık olarak belirtilir. Kara ulaşımının olmadığı ilçe ve adalarda teslimat kara tarafından seçilen iskeleye kadar yapılabilmektedir. Siparişinizi, teslim aldığınız tarihten itibaren 30 gün içerisinde kullanmadığınız ve ürün ya da ambalajını (satılabilirliğini) bozmadığınız sürece iade edebilirsiniz.",https://www.pinkhometr.com.tr/urun/pnk33,4,images/PNK33/PNK33_01.webp | images/PNK33/PNK33_02.png | images/PNK33/PNK33_03.webp | images/PNK33/PNK33_04.png
PNK34,PNK34,,"ESKİTME DOKU SEHPA 70X100 CM YÜKSKLİK 35 CM Dış mekanalara doğal ahşabın eşsiz dokuları...KESTANE ağacından üretilen, bu sayede doğal çürüme, böceklenme ve hastalıklara karşı yüksek direnç gösteren bahçe kullanıma uygun dış ve iç mekan mobilyası. Ürün Detayları Ayak ve Tabla Mazlemesi:KESTANE Bakım Önerisi: Sezon sonunda kapalı alanda tutmanız daha doğru olacaktır buna imkanınız yoksa koruma kılıfı kullanmanız mobilyanızın uzun ömürlü olmasını sağlar.Temizliği öncelikle çok sert olmayan bir fırça ile ağır kimyasallar içeren deterjanlar kullanmadan yapılmalı ardından hafif nemli bir bezle silinerek kuruması beklenmeli. Malzeme: %100 Kestane Pink Home olarak ürün gruplarımıza göre, tüm ürünlerimizde faturanız üzerinde bulunan tarihten itibaren 2 yıl garanti veya sorumluluk süremiz bulunmaktadır. Daha fazla bilgi için sıkça sorulan sorular bölümünü inceleyiniz. Mobilya gibi büyük ebatlı ürün teslimatlarında sevkiyat ücreti uygulanır. Sevkiyat ücreti gönderilecek il-ilçe bilgisine ve alışveriş tutarına göre değişmektedir. Sevkiyat ücret bilgileri ödeme kısmında özel nakliye kısmında yaklaşık olarak belirtilir. Kara ulaşımının olmadığı ilçe ve adalarda teslimat kara tarafından seçilen iskeleye kadar yapılabilmektedir. Siparişinizi, teslim aldığınız tarihten itibaren 30 gün içerisinde kullanmadığınız ve ürün ya da ambalajını (satılabilirliğini) bozmadığınız sürece iade edebilirsiniz.",https://www.pinkhometr.com.tr/urun/pnk34,4,images/PNK34/PNK34_01.webp | images/PNK34/PNK34_02.png | images/PNK34/PNK34_03.webp | images/PNK34/PNK34_04.png
PNK41,PNK41,,"ANTİK OTURMA GRUBU SEHPA HARİÇTİR. 200X80 CM 1ADET 80X80 CM 2 TEKLİ Dış mekanalara doğal ahşabın eşsiz dokuları...KESTANE ağacından üretilen, bu sayede doğal çürüme, böceklenme ve hastalıklara karşı yüksek direnç gösteren bahçe kullanıma uygun dış ve iç mekan mobilyası. Ürün Detayları Ayak ve Tabla Mazlemesi:KESTANE Bakım Önerisi: Sezon sonunda kapalı alanda tutmanız daha doğru olacaktır buna imkanınız yoksa koruma kılıfı kullanmanız mobilyanızın uzun ömürlü olmasını sağlar.Temizliği öncelikle çok sert olmayan bir fırça ile ağır kimyasallar içeren deterjanlar kullanmadan yapılmalı ardından hafif nemli bir bezle silinerek kuruması beklenmeli. Malzeme: %100 Kestane Pink Home olarak ürün gruplarımıza göre, tüm ürünlerimizde faturanız üzerinde bulunan tarihten itibaren 2 yıl garanti veya sorumluluk süremiz bulunmaktadır. Daha fazla bilgi için sıkça sorulan sorular bölümünü inceleyiniz. Mobilya gibi büyük ebatlı ürün teslimatlarında sevkiyat ücreti uygulanır. Sevkiyat ücreti gönderilecek il-ilçe bilgisine ve alışveriş tutarına göre değişmektedir. Sevkiyat ücret bilgileri ödeme kısmında özel nakliye kısmında yaklaşık olarak belirtilir. Kara ulaşımının olmadığı ilçe ve adalarda teslimat kara tarafından seçilen iskeleye kadar yapılabilmektedir. Siparişinizi, teslim aldığınız tarihten itibaren 30 gün içerisinde kullanmadığınız ve ürün ya da ambalajını (satılabilirliğini) bozmadığınız sürece iade edebilirsiniz.",https://www.pinkhometr.com.tr/urun/pnk41,8,images/PNK41/PNK41_01.png | images/PNK41/PNK41_02.webp | images/PNK41/PNK41_03.webp | images/PNK41/PNK41_04.webp | images/PNK41/PNK41_05.png | images/PNK41/PNK41_06.png | images/PNK41/PNK41_07.webp | images/PNK41/PNK41_08.webp
PNK42,PNK42,,"ANTİKA AĞAÇ SEHPA 120X80X45 CM AĞAÇ DOKUSU FARKLILIK GÖSTERİR ANTİKA AĞAÇ MASA GERİ DÖNÜŞTÜRÜLMÜŞ AĞAÇLAR KULLANILIR. . Dış mekanalara doğal ahşabın eşsiz dokuları...ANTİK ağaçlardan üretilen, bu sayede doğal çürüme, böceklenme ve hastalıklara karşı yüksek direnç gösteren bahçe kullanıma uygun dış ve iç mekan mobilyası. Ürün Detayları Ahşap Malzemesi:ANTİKA AĞAÇ Bakım Önerisi: Sezon sonunda kapalı alanda tutmanız daha doğru olacaktır buna imkanınız yoksa koruma kılıfı kullanmanız mobilyanızın uzun ömürlü olmasını sağlar.Temizliği öncelikle çok sert olmayan bir fırça ile ağır kimyasallar içeren deterjanlar kullanmadan yapılmalı ardından hafif nemli bir bezle silinerek kuruması beklenmeli. Malzeme: %100 ANTİK AĞAÇ Pink Home olarak ürün gruplarımıza göre, tüm ürünlerimizde faturanız üzerinde bulunan tarihten itibaren 2 yıl garanti veya sorumluluk süremiz bulunmaktadır. Daha fazla bilgi için sıkça sorulan sorular bölümünü inceleyiniz. Mobilya gibi büyük ebatlı ürün teslimatlarında sevkiyat ücreti uygulanır. Sevkiyat ücreti gönderilecek il-ilçe bilgisine ve alışveriş tutarına göre değişmektedir. Sevkiyat ücret bilgileri ödeme kısmında özel nakliye kısmında yaklaşık olarak belirtilir. Kara ulaşımının olmadığı ilçe ve adalarda teslimat kara tarafından seçilen iskeleye kadar yapılabilmektedir. Siparişinizi, teslim aldığınız tarihten itibaren 30 gün içerisinde kullanmadığınız ve ürün ya da ambalajını (satılabilirliğini) bozmadığınız sürece iade edebilirsiniz.",https://www.pinkhometr.com.tr/urun/pnk42,5,images/PNK42/PNK42_01.webp | images/PNK42/PNK42_02.webp | images/PNK42/PNK42_03.png | images/PNK42/PNK42_04.png | images/PNK42/PNK42_05.png
PNK43,PNK43,,"SEHPA 70X100 CM Dış mekanalara doğal ahşabın eşsiz dokuları...KESTANE ağacından üretilen, bu sayede doğal çürüme, böceklenme ve hastalıklara karşı yüksek direnç gösteren bahçe kullanıma uygun dış ve iç mekan mobilyası. Ürün Detayları Ayak ve Tabla Mazlemesi:KESTANE Bakım Önerisi: Sezon sonunda kapalı alanda tutmanız daha doğru olacaktır buna imkanınız yoksa koruma kılıfı kullanmanız mobilyanızın uzun ömürlü olmasını sağlar.Temizliği öncelikle çok sert olmayan bir fırça ile ağır kimyasallar içeren deterjanlar kullanmadan yapılmalı ardından hafif nemli bir bezle silinerek kuruması beklenmeli. Malzeme: %100 Kestane Pink Home olarak ürün gruplarımıza göre, tüm ürünlerimizde faturanız üzerinde bulunan tarihten itibaren 2 yıl garanti veya sorumluluk süremiz bulunmaktadır. Daha fazla bilgi için sıkça sorulan sorular bölümünü inceleyiniz. Mobilya gibi büyük ebatlı ürün teslimatlarında sevkiyat ücreti uygulanır. Sevkiyat ücreti gönderilecek il-ilçe bilgisine ve alışveriş tutarına göre değişmektedir. Sevkiyat ücret bilgileri ödeme kısmında özel nakliye kısmında yaklaşık olarak belirtilir. Kara ulaşımının olmadığı ilçe ve adalarda teslimat kara tarafından seçilen iskeleye kadar yapılabilmektedir. Siparişinizi, teslim aldığınız tarihten itibaren 30 gün içerisinde kullanmadığınız ve ürün ya da ambalajını (satılabilirliğini) bozmadığınız sürece iade edebilirsiniz.",https://www.pinkhometr.com.tr/urun/pnk43,4,images/PNK43/PNK43_01.webp | images/PNK43/PNK43_02.webp | images/PNK43/PNK43_03.png | images/PNK43/PNK43_04.png
PNK45,PNK45,,"TORNA SEHPA 100X100X45 CM Dış mekanalara doğal ahşabın eşsiz dokuları...KESTANE ağacından üretilen, bu sayede doğal çürüme, böceklenme ve hastalıklara karşı yüksek direnç gösteren bahçe kullanıma uygun dış ve iç mekan mobilyası. Ürün Detayları Ayak ve Tabla Mazlemesi:KESTANE Bakım Önerisi: Sezon sonunda kapalı alanda tutmanız daha doğru olacaktır buna imkanınız yoksa koruma kılıfı kullanmanız mobilyanızın uzun ömürlü olmasını sağlar.Temizliği öncelikle çok sert olmayan bir fırça ile ağır kimyasallar içeren deterjanlar kullanmadan yapılmalı ardından hafif nemli bir bezle silinerek kuruması beklenmeli. Malzeme: %100 Kestane Pink Home olarak ürün gruplarımıza göre, tüm ürünlerimizde faturanız üzerinde bulunan tarihten itibaren 2 yıl garanti veya sorumluluk süremiz bulunmaktadır. Daha fazla bilgi için sıkça sorulan sorular bölümünü inceleyiniz. Mobilya gibi büyük ebatlı ürün teslimatlarında sevkiyat ücreti uygulanır. Sevkiyat ücreti gönderilecek il-ilçe bilgisine ve alışveriş tutarına göre değişmektedir. Sevkiyat ücret bilgileri ödeme kısmında özel nakliye kısmında yaklaşık olarak belirtilir. Kara ulaşımının olmadığı ilçe ve adalarda teslimat kara tarafından seçilen iskeleye kadar yapılabilmektedir. Siparişinizi, teslim aldığınız tarihten itibaren 30 gün içerisinde kullanmadığınız ve ürün ya da ambalajını (satılabilirliğini) bozmadığınız sürece iade edebilirsiniz.",https://www.pinkhometr.com.tr/urun/pnk45,4,images/PNK45/PNK45_01.webp | images/PNK45/PNK45_02.png | images/PNK45/PNK45_03.webp | images/PNK45/PNK45_04.png
PNK46,PNK46,,"80x150 cm Doğal Ayna Dış mekanlara doğal şıklık katan, uzun ömürlü ve estetik bir ayna. Bahçe ve iç mekan kullanımına uygundur; hava koşullarına karşı yüksek dayanıklılık sunar. Ürün Detayları Ölçüler: 80x150 cm Bakım Önerisi: Sezon sonunda aynanızı kapalı alanda tutmanız önerilir. İmkanınız yoksa koruma kılıfı kullanmak ürünün ömrünü uzatır. Temizliği, sert fırça ve ağır kimyasallar kullanmadan, hafif nemli bir bezle silerek yapılmalıdır. Kuruması beklenmelidir. Garanti: Tüm ürünlerimiz, teslim tarihinden itibaren 2 yıl garanti kapsamındadır. Detaylar için sıkça sorulan sorular bölümünü inceleyebilirsiniz. Teslimat: Büyük ebatlı ürünlerde sevkiyat ücreti uygulanır. Ücret, il/ilçe bilgisine ve alışveriş tutarına göre değişir. Kara ulaşımının olmadığı ilçe ve adalarda teslimat, kara tarafından seçilen iskeleye kadar yapılabilmektedir.",https://www.pinkhometr.com.tr/urun/pnk46,2,images/PNK46/PNK46_01.png | images/PNK46/PNK46_02.webp
PNK47,PNK47,,"L Köşe Takımı – 230x230 cm (Sehpa Dahil – 80x100 cm) Modern tasarımı ve geniş oturma alanıyla hem iç hem de dış mekanlarda rahat kullanım sağlayan L köşe takımı, sehpa dahil modeliyle konforlu bir yaşam alanı sunar. Şık tasarımı, farklı dekorasyon tarzlarına uyum sağlayacak şekilde tasarlanmıştır. Ürün Detayları Köşe Ölçüsü: 230x230 cm Sehpa Ölçüsü: 80x100 cm İç ve dış mekan kullanımı için uygundur Dayanıklı ve uzun ömürlü tasarım Talebe göre kişiselleştirilebilir Bakım Önerisi Sezon sonunda ürünün kapalı alanda muhafaza edilmesi önerilir; mümkün değilse koruma kılıfı kullanılabilir. Temizlik sırasında sert kimyasallar yerine hafif nemli bez kullanılmalı ve ürünün doğal şekilde kuruması beklenmelidir. Garanti ve Teslimat Fatura tarihinden itibaren 2 yıl garanti Büyük ebatlı ürün teslimatlarında sevkiyat ücreti, adres ve alışveriş tutarına göre değişiklik gösterebilir",https://www.pinkhometr.com.tr/urun/pnk47,10,images/PNK47/PNK47_01.webp | images/PNK47/PNK47_02.webp | images/PNK47/PNK47_03.webp | images/PNK47/PNK47_04.png | images/PNK47/PNK47_05.webp | images/PNK47/PNK47_06.webp | images/PNK47/PNK47_07.png | images/PNK47/PNK47_08.png | images/PNK47/PNK47_09.webp | images/PNK47/PNK47_10.jpg
PNK49,PNK49,,"L Köşe Takımı – 250x250 cm (Sehpa Hariç) Geniş oturma alanı ve zarif tasarımıyla yaşam alanlarınıza konfor ve şıklık katan L köşe takımı, iç ve dış mekanlarda rahat kullanım imkanı sunar. Sehpa dahil olmayan modeli, esnek dekorasyon seçenekleri sağlar. Ürün Detayları Köşe Ölçüsü: 250x250 cm İç ve dış mekan kullanımı için uygundur El işçiliği ile özenle tasarlanmış, dayanıklı ve uzun ömürlü Talebe göre farklı renk ve kumaş seçenekleri ile kişiselleştirilebilir Bakım Önerisi Sezon sonunda ürünü kapalı alanda muhafaza etmeniz tavsiye edilir; mümkün değilse koruma kılıfı kullanabilirsiniz. Temizlikte sert kimyasallar yerine hafif nemli bez kullanılması ve ürünün doğal şekilde kurumasının beklenmesi önerilir. Garanti ve Teslimat Tüm ürünlerimizde, fatura tarihinden itibaren 2 yıl garanti sunulmaktadır. Büyük ebatlı ürün teslimatlarında sevkiyat ücreti, adres ve alışveriş tutarına göre değişiklik gösterebilir.",https://www.pinkhometr.com.tr/urun/pnk49,11,images/PNK49/PNK49_01.webp | images/PNK49/PNK49_02.webp | images/PNK49/PNK49_03.png | images/PNK49/PNK49_04.webp | images/PNK49/PNK49_05.webp | images/PNK49/PNK49_06.png | images/PNK49/PNK49_07.webp | images/PNK49/PNK49_08.png | images/PNK49/PNK49_09.webp | images/PNK49/PNK49_10.jpg | images/PNK49/PNK49_11.png
PNK51,PNK51,,"150x75cm 1 adet ikili koltuk 75x80cm 2 adet tekli koltuk sehpa 50 CM VE 80 CM 2 ADET GELİR Doğallığın ve Zarafetin Buluştuğu Dış Mekân Keyfi El Yapımı Özgün Tasarım Modern çizgilerle buluşan doğal ahşap dokusuyla bahçenize ya da terasınıza sıcaklık ve şıklık katacak bu dış mekân oturma grubu, hem konforu hem de estetiği bir arada sunuyor. Geniş ve Rahat Oturum Alanı Yüksek yoğunluklu minderleri, ergonomik yapısıyla uzun saatler boyunca keyifli sohbetler ve unutulmaz anlar için ideal. Dayanıklı ve Zamansız Her mevsime uygun, dış mekân koşullarına dayanıklı ahşap ve kumaş malzemeler sayesinde yıllarca güvenle kullanabilirsiniz. Ege' nin Ruhunu Bahçenize Taşıyın Deniz manzarası eşliğinde, sevdiklerinizle huzurlu bir atmosfer yaratmak artık çok kolay. Minimalist ama bir o kadar da dikkat çekici tasarımıyla mekânınıza değer katar.",https://www.pinkhometr.com.tr/urun/pnk51,10,images/PNK51/PNK51_01.png | images/PNK51/PNK51_02.png | images/PNK51/PNK51_03.webp | images/PNK51/PNK51_04.webp | images/PNK51/PNK51_05.webp | images/PNK51/PNK51_06.webp | images/PNK51/PNK51_07.webp | images/PNK51/PNK51_08.png | images/PNK51/PNK51_09.png | images/PNK51/PNK51_10.png
PNK52,PNK52,,"80X200CM ŞEZLONG SETİ 2 ADETTEN OLUŞUR. 2 Parça Şezlong Seti – Konfor ve Şıklığın Buluştuğu Tasarım Özenle tasarlanmış bu şezlong seti, mekanlarınıza hem konfor hem de estetik katar. Set, iki adet şezlongdan oluşur ve ergonomik yapısıyla uzun süreli dinlenmelerinizde maksimum rahatlık sağlar. Hem şıklığı hem de kullanışlılığı bir arada sunan bu tasarım, açık alanlarınıza zarif ve davetkar bir dokunuş katacaktır.",https://www.pinkhometr.com.tr/urun/pnk52,8,images/PNK52/PNK52_01.webp | images/PNK52/PNK52_02.webp | images/PNK52/PNK52_03.png | images/PNK52/PNK52_04.webp | images/PNK52/PNK52_05.png | images/PNK52/PNK52_06.webp | images/PNK52/PNK52_07.webp | images/PNK52/PNK52_08.webp
PNK54,PNK54,,"59x59cm RUSTİK SANDALYE Dış mekanalara doğal ahşabın eşsiz dokuları...KESTANE ağacından üretilen, bu sayede doğal çürüme, böceklenme ve hastalıklara karşı yüksek direnç gösteren bahçe kullanıma uygun dış ve iç mekan mobilyası. Ürün Detayları Ayak ve Tabla Mazlemesi:KESTANE Bakım Önerisi: Sezon sonunda kapalı alanda tutmanız daha doğru olacaktır buna imkanınız yoksa koruma kılıfı kullanmanız mobilyanızın uzun ömürlü olmasını sağlar.Temizliği öncelikle çok sert olmayan bir fırça ile ağır kimyasallar içeren deterjanlar kullanmadan yapılmalı ardından hafif nemli bir bezle silinerek kuruması beklenmeli. Malzeme: %100 Kestane Pink Home olarak ürün gruplarımıza göre, tüm ürünlerimizde faturanız üzerinde bulunan tarihten itibaren 2 yıl garanti veya sorumluluk süremiz bulunmaktadır. Daha fazla bilgi için sıkça sorulan sorular bölümünü inceleyiniz. Mobilya gibi büyük ebatlı ürün teslimatlarında sevkiyat ücreti uygulanır. Sevkiyat ücreti gönderilecek il-ilçe bilgisine ve alışveriş tutarına göre değişmektedir. Sevkiyat ücret bilgileri ödeme kısmında özel nakliye kısmında yaklaşık olarak belirtilir. Kara ulaşımının olmadığı ilçe ve adalarda teslimat kara tarafından seçilen iskeleye kadar yapılabilmektedir. Siparişinizi, teslim aldığınız tarihten itibaren 30 gün içerisinde kullanmadığınız ve ürün ya da ambalajını (satılabilirliğini) bozmadığınız sürece iade edebilirsiniz.",https://www.pinkhometr.com.tr/urun/pnk54,9,images/PNK54/PNK54_01.png | images/PNK54/PNK54_02.png | images/PNK54/PNK54_03.webp | images/PNK54/PNK54_04.webp | images/PNK54/PNK54_05.webp | images/PNK54/PNK54_06.png | images/PNK54/PNK54_07.png | images/PNK54/PNK54_08.webp | images/PNK54/PNK54_09.webp
PNK55,PNK55,,"250X250 CM KÖŞE Sehpa dahildir. Dış mekanalara doğal ahşabın eşsiz dokuları..., bu sayede doğal çürüme, böceklenme ve hastalıklara karşı yüksek direnç gösteren bahçe kullanıma uygun dış ve iç mekan mobilyası. Bakım Önerisi: Sezon sonunda kapalı alanda tutmanız daha doğru olacaktır buna imkanınız yoksa koruma kılıfı kullanmanız mobilyanızın uzun ömürlü olmasını sağlar.Temizliği öncelikle çok sert olmayan bir fırça ile ağır kimyasallar içeren deterjanlar kullanmadan yapılmalı ardından hafif nemli bir bezle silinerek kuruması beklenmeli. Pink Home olarak ürün gruplarımıza göre, tüm ürünlerimizde faturanız üzerinde bulunan tarihten itibaren 2 yıl garanti veya sorumluluk süremiz bulunmaktadır. Daha fazla bilgi için sıkça sorulan sorular bölümünü inceleyiniz. Mobilya gibi büyük ebatlı ürün teslimatlarında sevkiyat ücreti uygulanır. Sevkiyat ücreti gönderilecek il-ilçe bilgisine ve alışveriş tutarına göre değişmektedir. Sevkiyat ücret bilgileri ödeme kısmında özel nakliye kısmında yaklaşık olarak belirtilir. Kara ulaşımının olmadığı ilçe ve adalarda teslimat kara tarafından seçilen iskeleye kadar yapılabilmektedir. Siparişinizi, teslim aldığınız tarihten itibaren 30 gün içerisinde kullanmadığınız ve ürün ya da ambalajını (satılabilirliğini) bozmadığınız sürece iade edebilirsiniz.",https://www.pinkhometr.com.tr/urun/pnk55,10,images/PNK55/PNK55_01.webp | images/PNK55/PNK55_02.webp | images/PNK55/PNK55_03.png | images/PNK55/PNK55_04.webp | images/PNK55/PNK55_05.png | images/PNK55/PNK55_06.webp | images/PNK55/PNK55_07.webp | images/PNK55/PNK55_08.webp | images/PNK55/PNK55_09.png | images/PNK55/PNK55_10.jpg
PNK57,PNK57,,"75x75cm 2 adet tekli 75x190cm 1 adet üçlü 70x120cm 1 adet sehpa Doğanın Zarafetiyle Tasarlanmış Yaşam Alanı El işçiliğinin zarafetini taşıyan bu oturma grubu, doğallığıyla mekânınıza sıcaklık ve huzur katar. Her detayında ustalıkla şekillendirilen ahşap, sadece estetik bir görünüm sunmakla kalmaz; aynı zamanda insan sağlığı üzerinde olumlu etkiler yaratarak bulunduğu ortama doğal bir enerji kazandırır. Ahşabın sıcak dokusu, açık veya kapalı her alanda rahatlıkla kullanılabilir ve zamana karşı dayanıklılığını korur. El emeğiyle üretilen bu takım, doğanın huzurunu ve sade şıklığını bir araya getirerek evinizin en özel köşesi haline gelir. Her bir parçası, yıllarca sürecek keyifli sohbetlerin ve unutulmaz anların eşlikçisi olarak tasarlanmıştır.",https://www.pinkhometr.com.tr/urun/pnk57,8,images/PNK57/PNK57_01.webp | images/PNK57/PNK57_02.webp | images/PNK57/PNK57_03.png | images/PNK57/PNK57_04.png | images/PNK57/PNK57_05.webp | images/PNK57/PNK57_06.png | images/PNK57/PNK57_07.webp | images/PNK57/PNK57_08.webp
PNK59,PNK59,,"100X200 CM Ahşap Loca – Doğallığın ve Konforun Buluştuğu Tasarım Özenle el yapımı olarak üretilmiş bu ahşap loca, mekanlarınıza sıcak ve davetkar bir atmosfer kazandırır. Dayanıklı ve estetik yapısıyla uzun süreli kullanım sağlar, doğal ahşap dokusunun verdiği ferahlık ve rahatlık ile konforlu bir dinlenme deneyimi sunar. Hem şıklığı hem de fonksiyonelliği bir arada sunan bu tasarım, açık alanlarınıza zarif bir dokunuş katacaktır.",https://www.pinkhometr.com.tr/urun/pnk59,9,images/PNK59/PNK59_01.png | images/PNK59/PNK59_02.png | images/PNK59/PNK59_03.webp | images/PNK59/PNK59_04.webp | images/PNK59/PNK59_05.webp | images/PNK59/PNK59_06.png | images/PNK59/PNK59_07.webp | images/PNK59/PNK59_08.webp | images/PNK59/PNK59_09.webp
PNK60,PNK60(Rus Çamı),,"200X300 CM KÖŞE 90X180 CM MASA 180X40 CM BANK 80X80 CM BERJER Doğanın Zarafetiyle Tasarlanmış Yaşam Alanı El işçiliğinin zarafetini taşıyan bu oturma grubu, doğallığıyla mekânınıza sıcaklık ve huzur katar. Her detayında ustalıkla şekillendirilen ahşap, sadece estetik bir görünüm sunmakla kalmaz; aynı zamanda insan sağlığı üzerinde olumlu etkiler yaratarak bulunduğu ortama doğal bir enerji kazandırır. Ahşabın sıcak dokusu, açık veya kapalı her alanda rahatlıkla kullanılabilir ve zamana karşı dayanıklılığını korur. El emeğiyle üretilen bu takım, doğanın huzurunu ve sade şıklığını bir araya getirerek evinizin en özel köşesi haline gelir. Her bir parçası, yıllarca sürecek keyifli sohbetlerin ve unutulmaz anların eşlikçisi olarak tasarlanmıştır.",https://www.pinkhometr.com.tr/urun/pnk60,8,images/PNK60/PNK60_01.webp | images/PNK60/PNK60_02.webp | images/PNK60/PNK60_03.webp | images/PNK60/PNK60_04.png | images/PNK60/PNK60_05.png | images/PNK60/PNK60_06.png | images/PNK60/PNK60_07.webp | images/PNK60/PNK60_08.webp
PNK61,PNK61,,"KARYOLA KOMODİN VE BAŞLIK DAHİLDİR. Karyola Seti – Ahşabın Doğallığı ve Konforun Buluştuğu Tasarım Bu özenle el yapımı karyola seti, karyola, başlık ve komodin ile birlikte gelir. Dayanıklı ve estetik yapısıyla yatak odanıza hem şıklık hem de huzurlu bir atmosfer kazandırır. Ahşabın doğal dokusu, mekana sıcaklık ve zarif bir görünüm katarken, setin bütün parçaları konforlu ve fonksiyonel kullanım sunar. Hem sağlamlığı hem de doğal tasarımıyla uzun yıllar keyifle kullanabileceğiniz bir tasarımdır.",https://www.pinkhometr.com.tr/urun/pnk61,3,images/PNK61/PNK61_01.webp | images/PNK61/PNK61_02.webp | images/PNK61/PNK61_03.png
PNK62,PNK62,,"Köşe Takımı – 300x300 cm (Sehpa Dahil: 70x100 cm) Şık ve geniş tasarımıyla hem iç hem dış mekanlarda konforlu kullanım sunan bu köşe takımı, ferah oturum alanı ve zarif çizgileriyle yaşam alanlarınıza değer katar. Sehpa dahil modeli ile kullanım kolaylığı sağlar ve dekoratif açıdan tamamlayıcı bir unsur oluşturur. Ürün Detayları Köşe Ölçüsü: 300x300 cm Sehpa Ölçüsü: 70x100 cm İç ve dış mekanlarda kullanım için uygundur El işçiliğiyle tasarlanmış, dayanıklı ve uzun ömürlü Talebe göre farklı renk ve kumaş seçenekleri ile kişiselleştirilebilir Bakım Önerisi Ürünü sezon sonunda kapalı bir alanda muhafaza etmeniz tavsiye edilir; mümkün değilse koruma kılıfı kullanabilirsiniz. Temizlikte sert kimyasallar yerine hafif nemli bez kullanılması ve ürünün doğal şekilde kurumasının beklenmesi önerilir. Garanti ve Teslimat Pink Home olarak tüm ürünlerimizde, fatura tarihinden itibaren 2 yıl garanti sunulmaktadır. Büyük ebatlı ürünlerin teslimatında sevkiyat ücreti, adres ve alışveriş tutarına göre değişiklik gösterebilir.",https://www.pinkhometr.com.tr/urun/pnk62,10,images/PNK62/PNK62_01.webp | images/PNK62/PNK62_02.webp | images/PNK62/PNK62_03.png | images/PNK62/PNK62_04.webp | images/PNK62/PNK62_05.png | images/PNK62/PNK62_06.webp | images/PNK62/PNK62_07.png | images/PNK62/PNK62_08.webp | images/PNK62/PNK62_09.webp | images/PNK62/PNK62_10.jpg
PNK63,PNK63,,"Köşe Koltuk – 320x320 cm Geniş oturum alanı ve sade çizgileriyle yaşam alanlarına ferahlık katan bu köşe koltuk, doğallığı ve konforu bir araya getirir. Zarif formu, el işçiliğiyle tamamlanan detayları ve dış mekan şartlarına uygun dayanıklı yapısıyla hem bahçelerde hem de iç mekanlarda rahatlıkla kullanılabilir. Ürün Detayları Köşe Ölçüsü: 320x320 cm Kullanım Alanı: İç ve dış mekanlara uygundur El işçiliğiyle üretilmiştir Geniş oturum alanı ile konforlu kullanım sağlar Renk ve kumaş seçenekleri talebe göre uyarlanabilir Bakım Önerisi Mobilyanızı sezon sonunda kapalı bir alanda muhafaza etmeniz önerilir. Buna imkanınız yoksa koruma kılıfı kullanarak ürününüzü dış etkenlerden koruyabilirsiniz. Temizlik sırasında ağır kimyasallar içeren deterjanlar yerine hafif nemli bir bez kullanılmalı, ardından doğal kuruması beklenmelidir. Garanti ve Teslimat Pink Home olarak tüm ürünlerimizde, fatura tarihinden itibaren 2 yıl garanti süresi sunmaktayız. Büyük ebatlı ürün teslimatlarında sevkiyat ücreti, gönderim yapılacak il ve ilçeye göre değişiklik gösterebilir. Teslim aldığınız ürünü 30 gün içerisinde , kullanılmamış ve ambalajı bozulmamış olması koşuluyla iade edebilirsiniz.",https://www.pinkhometr.com.tr/urun/pnk63,9,images/PNK63/PNK63_01.webp | images/PNK63/PNK63_02.webp | images/PNK63/PNK63_03.webp | images/PNK63/PNK63_04.webp | images/PNK63/PNK63_05.webp | images/PNK63/PNK63_06.webp | images/PNK63/PNK63_07.png | images/PNK63/PNK63_08.jpg | images/PNK63/PNK63_09.png
PNK64,PNK64,,"200X90 CM. KANAPE 90X90 CM 2 ADET BERJER sehpa dahil Doğallığın Evinize Yansıması Evinizin en huzurlu köşesinde, doğanın sıcaklığını hissettiren bu oturma grubu; tamamen el emeğiyle üretilmiştir. Her bir parçası özenle işlenmiş gerçek ahşaptan yapılır, bu sayede size hem estetik bir görünüm hem de uzun ömürlü bir kullanım sunar. Ahşabın doğallığı, insan sağlığı üzerinde olumlu etkiler yaratarak bulunduğu ortama ferahlık ve denge katar. Dayanıklı yapısı sayesinde dış mekanlarda da güvenle kullanılabilir. Bu takım, sadece bir mobilya değil; doğanın huzurunu yaşam alanınıza taşıyan özel bir eserdir.",https://www.pinkhometr.com.tr/urun/pnk64,8,images/PNK64/PNK64_01.webp | images/PNK64/PNK64_02.webp | images/PNK64/PNK64_03.png | images/PNK64/PNK64_04.webp | images/PNK64/PNK64_05.webp | images/PNK64/PNK64_06.webp | images/PNK64/PNK64_07.png | images/PNK64/PNK64_08.png
PNK69,PNK69,,"100x120 cm Hazeran Kapaklı Dolap Doğanın sıcak dokusunu yaşam alanlarınıza taşıyan, zarif ve kullanışlı bir tasarım. Dış mekân koşullarına uyum sağlayacak şekilde üretilen bu dolap, hem dış hem de iç mekânlarda uzun yıllar keyifle kullanılabilir. Ürün Detayları Ölçü: 100 x 120 cm Kapak Tasarımı: Hazeran dokulu kapak Kullanım Alanı: Dış ve iç mekânlara uygun Renk ve Doku: Doğal yüzey görünümü Bakım Önerisi Sezon sonunda ürünü kapalı bir alanda muhafaza etmeniz önerilir. Bu mümkün değilse koruma kılıfı kullanmak, ürünün ömrünü uzatacaktır. Temizlik için sert olmayan bir fırça tercih edin; ağır kimyasallar içeren deterjanlardan kaçının. Ardından hafif nemli bir bezle silip kurumasını bekleyin. Garanti ve Teslimat Tüm ürünlerimiz, fatura tarihinden itibaren 2 yıl garanti kapsamındadır. Mobilya teslimatlarında, sevkiyat ücreti gönderim bölgesine ve alışveriş tutarına göre değişmektedir. Kara ulaşımının olmadığı bölgelerde teslimat, en yakın iskeleye kadar yapılabilir. İade Koşulları Siparişinizi teslim aldığınız tarihten itibaren 30 gün içinde , ürünü kullanmadığınız ve ambalajını bozmadığınız sürece iade edebilirsiniz.",https://www.pinkhometr.com.tr/urun/pnk69,8,images/PNK69/PNK69_01.webp | images/PNK69/PNK69_02.webp | images/PNK69/PNK69_03.webp | images/PNK69/PNK69_04.webp | images/PNK69/PNK69_05.webp | images/PNK69/PNK69_06.webp | images/PNK69/PNK69_07.webp | images/PNK69/PNK69_08.png
PNK77,PNK77,,"Köşe Takımı – 270x270x90 cm (Sehpa hariçtir) Doğanın huzur veren dokusunu yaşam alanınıza taşıyan bu özel köşe takımı, sade ve zarif tasarımıyla dış mekanlarda konforu ve estetiği bir araya getirir. Geniş oturum alanı, el işçiliğiyle şekillendirilmiş detayları ve doğal görünümüyle hem iç hem de dış mekanlarda zamansız bir şıklık sunar. Ürün Detayları Köşe Ölçüsü: 270x270x90 cm Sehpa: Hariçtir Kullanım Alanı: İç ve dış mekanlara uygundur El işçiliğiyle üretilmiş, dayanıklı ve konforlu tasarım Özel ölçü ve renk seçenekleriyle kişiselleştirilebilir Bakım Önerisi Mobilyalarınızı sezon sonunda kapalı bir alanda muhafaza etmeniz tavsiye edilir. Buna imkanınız yoksa, koruma kılıfı kullanarak ürünün ömrünü uzatabilirsiniz. Temizlikte ağır kimyasallar içeren deterjanlar yerine hafif nemli bir bez tercih edilmeli, ardından ürünün doğal şekilde kuruması beklenmelidir. Garanti ve Teslimat Pink Home olarak tüm ürünlerimizde, fatura tarihinden itibaren 2 yıl garanti süresi sunmaktayız. Büyük ebatlı ürünlerin teslimatlarında sevkiyat ücreti, teslimat adresine göre değişiklik gösterebilir. Ürünü teslim aldıktan sonra 30 gün içinde , kullanılmamış ve ambalajı bozulmamış olması koşuluyla iade edebilirsiniz.",https://www.pinkhometr.com.tr/urun/pnk77,9,images/PNK77/PNK77_01.png | images/PNK77/PNK77_02.webp | images/PNK77/PNK77_03.webp | images/PNK77/PNK77_04.webp | images/PNK77/PNK77_05.png | images/PNK77/PNK77_06.webp | images/PNK77/PNK77_07.webp | images/PNK77/PNK77_08.webp | images/PNK77/PNK77_09.jpg
PNK82,PNK82,,"160x200cm yatağa göre karyola Yatağa Uyumlu Karyola – Doğallık ve Konforun Buluştuğu Tasarım Özenle el yapımı olarak üretilmiş bu karyola, yatağınıza tam uyum sağlayacak şekilde tasarlanmıştır. Ahşabın doğal dokusu, yatak odanıza sıcaklık ve estetik bir görünüm kazandırırken, sağlam yapısı uzun yıllar güvenle kullanım sunar. Hem şıklığı hem de fonksiyonelliği bir arada sunan bu tasarım, konforlu bir uyku deneyimi ve zarif bir dekoratif dokunuş sağlar.",https://www.pinkhometr.com.tr/urun/pnk82,3,images/PNK82/PNK82_01.webp | images/PNK82/PNK82_02.webp | images/PNK82/PNK82_03.jpg
PNK83,PNK83,,"Köşe Takımı – 320x300x100 cm Köşe, 120x80 cm Sehpa Doğanın sıcak dokusunu yaşam alanınıza taşıyan bu özel köşe takımı, geniş oturum alanı ve sade çizgileriyle dış mekanlarda konforu yeniden tanımlar. El işçiliğiyle üretilen yapısı sayesinde hem dayanıklı hem de zamansız bir şıklık sunar. Ürün Detayları Köşe Ölçüsü: 320x300x100 cm Sehpa Ölçüsü: 120x80 cm Kullanım Alanı: İç ve dış mekanlara uygundur Şık, rahat ve uzun ömürlü tasarım İsteğe bağlı özel ölçü ve renk seçenekleri mevcuttur Bakım Önerisi Mobilyalarınızı sezon sonunda kapalı bir alanda muhafaza etmeniz önerilir. Bu mümkün değilse, koruma kılıfı kullanmanız ürünün ömrünü uzatır. Temizlik için sert fırçalar ve kimyasal içerikli deterjanlar yerine, hafif nemli bir bezle silip doğal şekilde kurumasını bekleyiniz. Garanti ve Teslimat Pink Home olarak, tüm ürünlerimizde fatura tarihinden itibaren 2 yıl garanti süresi sunuyoruz. Büyük ebatlı ürünlerin teslimatında sevkiyat ücreti, teslimat adresine göre değişiklik gösterebilir. Ürünü teslim aldıktan sonra 30 gün içinde , kullanılmamış ve ambalajı bozulmamış olması koşuluyla iade edebilirsiniz.",https://www.pinkhometr.com.tr/urun/pnk83,9,images/PNK83/PNK83_01.webp | images/PNK83/PNK83_02.webp | images/PNK83/PNK83_03.png | images/PNK83/PNK83_04.png | images/PNK83/PNK83_05.webp | images/PNK83/PNK83_06.webp | images/PNK83/PNK83_07.webp | images/PNK83/PNK83_08.jpg | images/PNK83/PNK83_09.webp
PNK85,PNK85,,"60x60cm SANDALYE Ahşap Sandalye – Doğallık ve Konforun Buluştuğu Tasarım Özenle el yapımı olarak üretilmiş bu sandalye, mekanınıza hem şıklık hem de fonksiyonel kullanım sunar. Sağlam yapısı ve ergonomik tasarımı sayesinde uzun süreli oturumlarda konfor sağlar. Ahşabın doğal dokusu, mekanınıza sıcaklık ve zarif bir görünüm kazandırır. Hem estetik hem de dayanıklılığı bir arada sunan bu sandalye, yemek alanları veya çalışma alanları için ideal bir tercihtir.",https://www.pinkhometr.com.tr/urun/pnk85,8,images/PNK85/PNK85_01.webp | images/PNK85/PNK85_02.webp | images/PNK85/PNK85_03.webp | images/PNK85/PNK85_04.webp | images/PNK85/PNK85_05.webp | images/PNK85/PNK85_06.png | images/PNK85/PNK85_07.png | images/PNK85/PNK85_08.png
PNK86,PNK86,,"70X190 CM 2 KİŞİLİK ŞEZLONG SABİT MODEL takım fiyatıdır. 50x70 cm sehpa dahildir. Konfor ve Şıklığın Buluştuğu Tasarım Bu özenle tasarlanmış 2 kişilik şezlong seti, rahatlığınızı ön planda tutarak açık alanlarınıza konfor ve estetik katar. Sabit model şezlonglar, uzun süreli dinlenmelerinizde maksimum rahatlık sağlar. Setin içinde yer alan sehpa, içeceklerinizi ve küçük eşyalarınızı kolayca ulaşabileceğiniz bir noktada tutar. Hem şıklığı hem de kullanışlılığı bir arada sunan bu takım, açık alanlarınıza zarif ve davetkar bir dokunuş kazandırır.",https://www.pinkhometr.com.tr/urun/pnk86,9,images/PNK86/PNK86_01.png | images/PNK86/PNK86_02.webp | images/PNK86/PNK86_03.png | images/PNK86/PNK86_04.webp | images/PNK86/PNK86_05.webp | images/PNK86/PNK86_06.webp | images/PNK86/PNK86_07.webp | images/PNK86/PNK86_08.webp | images/PNK86/PNK86_09.png
PNK87,PNK87,,"200X80 CM KANAPE 80X80 CM 2 BERJER 70X70 CM SEHPA 80X80 CM SEHPA Doğallığın Şıklıkla Buluştuğu El Emeği Tasarım Tamamen el işçiliğiyle üretilen bu oturma grubu, doğanın huzurunu modern bir çizgiyle yaşam alanınıza taşır. Her bir parçası usta ellerin özenli çalışmasıyla şekillenmiş, sade ama karakterli detaylarıyla zamansız bir tasarım anlayışını yansıtır. Ahşabın sıcak dokusu, bulunduğu ortama doğallık ve samimiyet katarken, nefes alan yapısı sayesinde insan sağlığına dost bir kullanım sunar. Dayanıklılığı ve estetik bütünlüğüyle, hem iç mekânlarda hem de bahçe ve teraslarda uzun yıllar keyifle kullanılabilir. Yalın hatları, konforlu minderleri ve zarif formuyla, doğanın dinginliğini modern yaşam alanlarına taşımak isteyenler için ideal bir seçimdir. Bu takım, sadece bir mobilya değil; el emeğiyle hayat bulan bir doğallık ifadesidir.",https://www.pinkhometr.com.tr/urun/pnk87,9,images/PNK87/PNK87_01.webp | images/PNK87/PNK87_02.webp | images/PNK87/PNK87_03.png | images/PNK87/PNK87_04.png | images/PNK87/PNK87_05.webp | images/PNK87/PNK87_06.png | images/PNK87/PNK87_07.png | images/PNK87/PNK87_08.webp | images/PNK87/PNK87_09.webp
PNK88,PNK88,,"SEHPA. 100 CM ÇAP. 40 CM YÜKSEKLİK DOĞAL AĞAÇLARDA DAMARLAR FARKLILIK GÖSRETEBİLİR. Dış mekanalara doğal ahşabın eşsiz dokuları...KESTANE ağacından üretilen, bu sayede doğal çürüme, böceklenme ve hastalıklara karşı yüksek direnç gösteren bahçe kullanıma uygun dış ve iç mekan mobilyası. Ürün Detayları Ayak ve Tabla Mazlemesi:KESTANE Bakım Önerisi: Sezon sonunda kapalı alanda tutmanız daha doğru olacaktır buna imkanınız yoksa koruma kılıfı kullanmanız mobilyanızın uzun ömürlü olmasını sağlar.Temizliği öncelikle çok sert olmayan bir fırça ile ağır kimyasallar içeren deterjanlar kullanmadan yapılmalı ardından hafif nemli bir bezle silinerek kuruması beklenmeli. Malzeme: %100 Kestane Pink Home olarak ürün gruplarımıza göre, tüm ürünlerimizde faturanız üzerinde bulunan tarihten itibaren 2 yıl garanti veya sorumluluk süremiz bulunmaktadır. Daha fazla bilgi için sıkça sorulan sorular bölümünü inceleyiniz. Mobilya gibi büyük ebatlı ürün teslimatlarında sevkiyat ücreti uygulanır. Sevkiyat ücreti gönderilecek il-ilçe bilgisine ve alışveriş tutarına göre değişmektedir. Sevkiyat ücret bilgileri ödeme kısmında özel nakliye kısmında yaklaşık olarak belirtilir. Kara ulaşımının olmadığı ilçe ve adalarda teslimat kara tarafından seçilen iskeleye kadar yapılabilmektedir. Siparişinizi, teslim aldığınız tarihten itibaren 30 gün içerisinde kullanmadığınız ve ürün ya da ambalajını (satılabilirliğini) bozmadığınız sürece iade edebilirsiniz.",https://www.pinkhometr.com.tr/urun/pnk88,5,images/PNK88/PNK88_01.webp | images/PNK88/PNK88_02.png | images/PNK88/PNK88_03.webp | images/PNK88/PNK88_04.png | images/PNK88/PNK88_05.png
PNK89,PNK89,,"250X40X65. CM ANTİK MEŞE TV ÜNİTESİ SADECE 2 KAPAK KULLANILIR.DİĞER ALANLAR SABİTTİR. Dış mekanalara doğal ahşabın eşsiz dokuları...KESTANE ağacından üretilen, bu sayede doğal çürüme, böceklenme ve hastalıklara karşı yüksek direnç gösteren bahçe kullanıma uygun dış ve iç mekan mobilyası. Ürün Detayları Ayak ve Tabla Mazlemesi:KESTANE Bakım Önerisi: Sezon sonunda kapalı alanda tutmanız daha doğru olacaktır buna imkanınız yoksa koruma kılıfı kullanmanız mobilyanızın uzun ömürlü olmasını sağlar.Temizliği öncelikle çok sert olmayan bir fırça ile ağır kimyasallar içeren deterjanlar kullanmadan yapılmalı ardından hafif nemli bir bezle silinerek kuruması beklenmeli. Malzeme: %100 Kestane Pink Home olarak ürün gruplarımıza göre, tüm ürünlerimizde faturanız üzerinde bulunan tarihten itibaren 2 yıl garanti veya sorumluluk süremiz bulunmaktadır. Daha fazla bilgi için sıkça sorulan sorular bölümünü inceleyiniz. Mobilya gibi büyük ebatlı ürün teslimatlarında sevkiyat ücreti uygulanır. Sevkiyat ücreti gönderilecek il-ilçe bilgisine ve alışveriş tutarına göre değişmektedir. Sevkiyat ücret bilgileri ödeme kısmında özel nakliye kısmında yaklaşık olarak belirtilir. Kara ulaşımının olmadığı ilçe ve adalarda teslimat kara tarafından seçilen iskeleye kadar yapılabilmektedir. Siparişinizi, teslim aldığınız tarihten itibaren 30 gün içerisinde kullanmadığınız ve ürün ya da ambalajını (satılabilirliğini) bozmadığınız sürece iade edebilirsiniz.",https://www.pinkhometr.com.tr/urun/pnk89,4,images/PNK89/PNK89_01.webp | images/PNK89/PNK89_02.png | images/PNK89/PNK89_03.webp | images/PNK89/PNK89_04.png
PNK90,PNK90,,"250X45X65 GERİ DÖNÜŞTÜRÜLMÜŞ MEŞE GÜRGEN VE MAUN AĞACINDAN YAPILAN ÖZEL TASARIM TV ÜNİTESİ Dış mekanalara doğal ahşabın eşsiz dokuları...KESTANE ağacından üretilen, bu sayede doğal çürüme, böceklenme ve hastalıklara karşı yüksek direnç gösteren bahçe kullanıma uygun dış ve iç mekan mobilyası. Ürün Detayları Ayak ve Tabla Mazlemesi:KESTANE Bakım Önerisi: Sezon sonunda kapalı alanda tutmanız daha doğru olacaktır buna imkanınız yoksa koruma kılıfı kullanmanız mobilyanızın uzun ömürlü olmasını sağlar.Temizliği öncelikle çok sert olmayan bir fırça ile ağır kimyasallar içeren deterjanlar kullanmadan yapılmalı ardından hafif nemli bir bezle silinerek kuruması beklenmeli. Malzeme: %100 Kestane Pink Home olarak ürün gruplarımıza göre, tüm ürünlerimizde faturanız üzerinde bulunan tarihten itibaren 2 yıl garanti veya sorumluluk süremiz bulunmaktadır. Daha fazla bilgi için sıkça sorulan sorular bölümünü inceleyiniz. Mobilya gibi büyük ebatlı ürün teslimatlarında sevkiyat ücreti uygulanır. Sevkiyat ücreti gönderilecek il-ilçe bilgisine ve alışveriş tutarına göre değişmektedir. Sevkiyat ücret bilgileri ödeme kısmında özel nakliye kısmında yaklaşık olarak belirtilir. Kara ulaşımının olmadığı ilçe ve adalarda teslimat kara tarafından seçilen iskeleye kadar yapılabilmektedir. Siparişinizi, teslim aldığınız tarihten itibaren 30 gün içerisinde kullanmadığınız ve ürün ya da ambalajını (satılabilirliğini) bozmadığınız sürece iade edebilirsiniz.",https://www.pinkhometr.com.tr/urun/pnk90,4,images/PNK90/PNK90_01.webp | images/PNK90/PNK90_02.png | images/PNK90/PNK90_03.png | images/PNK90/PNK90_04.webp
PNK93,pnk93,,"sehpa 140x80 cm. doğal eskitme Dış mekanalara doğal ahşabın eşsiz dokuları...KESTANE ağacından üretilen, bu sayede doğal çürüme, böceklenme ve hastalıklara karşı yüksek direnç gösteren bahçe kullanıma uygun dış ve iç mekan mobilyası. Ürün Detayları Ayak ve Tabla Mazlemesi:KESTANE Bakım Önerisi: Sezon sonunda kapalı alanda tutmanız daha doğru olacaktır buna imkanınız yoksa koruma kılıfı kullanmanız mobilyanızın uzun ömürlü olmasını sağlar.Temizliği öncelikle çok sert olmayan bir fırça ile ağır kimyasallar içeren deterjanlar kullanmadan yapılmalı ardından hafif nemli bir bezle silinerek kuruması beklenmeli. Malzeme: %100 Kestane Pink Home olarak ürün gruplarımıza göre, tüm ürünlerimizde faturanız üzerinde bulunan tarihten itibaren 2 yıl garanti veya sorumluluk süremiz bulunmaktadır. Daha fazla bilgi için sıkça sorulan sorular bölümünü inceleyiniz. Mobilya gibi büyük ebatlı ürün teslimatlarında sevkiyat ücreti uygulanır. Sevkiyat ücreti gönderilecek il-ilçe bilgisine ve alışveriş tutarına göre değişmektedir. Sevkiyat ücret bilgileri ödeme kısmında özel nakliye kısmında yaklaşık olarak belirtilir. Kara ulaşımının olmadığı ilçe ve adalarda teslimat kara tarafından seçilen iskeleye kadar yapılabilmektedir. Siparişinizi, teslim aldığınız tarihten itibaren 30 gün içerisinde kullanmadığınız ve ürün ya da ambalajını (satılabilirliğini) bozmadığınız sürece iade edebilirsiniz.",https://www.pinkhometr.com.tr/urun/pnk93,4,images/PNK93/PNK93_01.webp | images/PNK93/PNK93_02.png | images/PNK93/PNK93_03.png | images/PNK93/PNK93_04.webp
PNK94,pnk94,,"Luka Köşe Takımı – 200x300 cm Köşe, 1 Adet 80x80 cm Berjer, 1 Adet 80x100 cm Sehpa Doğanın zarafetini modern çizgilerle buluşturan Luka Köşe Takımı , iç ve dış mekanlara sıcak bir atmosfer kazandırır. Şık tasarımı, el işçiliğiyle birleşen dayanıklı yapısı sayesinde uzun yıllar keyifle kullanılabilir. Ürün Detayları Köşe Ölçüsü: 200x300 cm Berjer Ölçüsü: 80x80 cm Sehpa Ölçüsü: 80x100 cm Kullanım Alanı: İç ve dış mekanlara uygundur Dayanıklı, uzun ömürlü ve zamansız tasarım Özel ölçü ve renk seçenekleri ile kişiselleştirilebilir Bakım Önerisi Mobilyanızı sezon sonunda kapalı bir alanda muhafaza etmeniz önerilir. Bu mümkün değilse, koruma kılıfı kullanarak ürünün ömrünü uzatabilirsiniz. Temizlik için sert fırçalar ve kimyasal içeren deterjanlar yerine, hafif nemli bir bezle silip kendi halinde kurumasını bekleyin. Garanti ve Teslimat Pink Home ürünleri, fatura tarihinden itibaren 2 yıl garanti kapsamındadır. Büyük ebatlı ürünlerde sevkiyat ücreti, teslimat adresine göre değişiklik gösterebilir. Ürünü teslim aldıktan sonra 30 gün içinde, kullanılmamış ve ambalajı bozulmamış olması koşuluyla iade edebilirsiniz.",https://www.pinkhometr.com.tr/urun/pnk94,9,images/PNK94/PNK94_01.webp | images/PNK94/PNK94_02.webp | images/PNK94/PNK94_03.webp | images/PNK94/PNK94_04.webp | images/PNK94/PNK94_05.png | images/PNK94/PNK94_06.webp | images/PNK94/PNK94_07.webp | images/PNK94/PNK94_08.png | images/PNK94/PNK94_09.jpg
PNK95,pnk95,,"100x300x75 cm Masa 8 adet sandalye takıma dahildir. Ahşap Masa ve 8 Sandalye Takımı – Şıklık ve Konfor Bir Arada Özenle el yapımı olarak üretilmiş bu masa ve 8 sandalye takımı, geniş yemek alanlarınıza hem estetik hem de fonksiyonel bir değer katar. Masanın sağlam yapısı ve sandalyelerin ergonomik tasarımı, uzun süreli kullanımlarda konfor sağlar. Ahşabın doğal dokusu, mekanınıza sıcaklık ve zarif bir görünüm kazandırır. Hem şıklığı hem de kullanım kolaylığını bir arada sunan bu set, aile yemekleri ve davetler için ideal bir tercihtir.",https://www.pinkhometr.com.tr/urun/pnk95,8,images/PNK95/PNK95_01.png | images/PNK95/PNK95_02.webp | images/PNK95/PNK95_03.webp | images/PNK95/PNK95_04.webp | images/PNK95/PNK95_05.webp | images/PNK95/PNK95_06.webp | images/PNK95/PNK95_07.png | images/PNK95/PNK95_08.png
PNK96,pnk96,,"100x200 cm 1 adet masa 200x40cm. 2 adet bank Ahşap Masa ve 2 Bank – Doğallık ve Konforun Buluştuğu Takım Özenle el yapımı olarak üretilmiş bu masa ve iki bank, mekanınıza hem şıklık hem de fonksiyonel kullanım sunar. Masanın sağlam yapısı ve bankların ergonomik tasarımı, konforlu oturumlar sağlar. Ahşabın doğal dokusu, mekanınıza sıcaklık ve zarif bir görünüm kazandırırken, takımın bütünlüğü açık veya kapalı alanlar için ideal bir oturma düzeni oluşturur. Hem estetiği hem de dayanıklılığı bir arada sunan bu takım, mekanınıza karakter katacak mükemmel bir tercihtir.",https://www.pinkhometr.com.tr/urun/pnk96,7,images/PNK96/PNK96_01.webp | images/PNK96/PNK96_02.webp | images/PNK96/PNK96_03.webp | images/PNK96/PNK96_04.png | images/PNK96/PNK96_05.webp | images/PNK96/PNK96_06.webp | images/PNK96/PNK96_07.png
PNK97,pnk97,,"200x300 cm Luka L Köşe & 80x120 cm Sehpa Doğanın sıcak dokusunu yaşam alanlarınıza taşıyan Luka köşe takımı, hem iç hem dış mekanlarda zarif bir uyum sağlar. Dayanıklı yapısı, sağlam işçiliği ve sade tasarımıyla yaşam alanınıza doğal bir şıklık kazandırır. Ürün Detayları Ölçüler: 200x300 cm köşe – 80x120 cm sehpa Kullanım Alanı: İç ve dış mekanlara uygundur Uzun ömürlü ve hava koşullarına dayanıklı yapı Özel sipariş ve renk seçenekleri mevcuttur Bakım Önerisi Mobilyanızı sezon sonunda kapalı bir alanda muhafaza etmeniz önerilir. Bu mümkün değilse koruma kılıfı kullanarak ömrünü uzatabilirsiniz. Temizlik için sert fırçalar ve kimyasal içerikli ürünler yerine, hafif nemli bir bez ile silip doğal şekilde kurumasını bekleyin. Garanti ve Teslimat Pink Home ürünleri, fatura tarihinden itibaren 2 yıl garanti kapsamındadır. Büyük ebatlı mobilyalarda sevkiyat ücreti, teslimat adresine göre değişiklik gösterebilir. Ürünü teslim aldıktan sonra 30 gün içinde, kullanılmamış ve ambalajı bozulmamış olması şartıyla iade edebilirsiniz.",https://www.pinkhometr.com.tr/urun/pnk97,9,images/PNK97/PNK97_01.png | images/PNK97/PNK97_02.webp | images/PNK97/PNK97_03.webp | images/PNK97/PNK97_04.webp | images/PNK97/PNK97_05.webp | images/PNK97/PNK97_06.webp | images/PNK97/PNK97_07.webp | images/PNK97/PNK97_08.png | images/PNK97/PNK97_09.jpg
PNK98,pnk98,,"100x250 cm masa 8 adet sandalye Ahşap Masa ve 8 Sandalye Takımı – Şıklık ve Konfor Bir Arada Özenle el yapımı olarak üretilmiş bu masa ve 8 sandalye takımı, yemek alanlarınıza hem estetik hem de fonksiyonel bir değer katar. Masanın sağlam yapısı ve sandalyelerin ergonomik tasarımı, konforlu bir kullanım sunar. Ahşabın doğal dokusu, mekanınıza sıcaklık ve zarif bir görünüm kazandırır. Hem şıklığı hem de kullanım kolaylığını bir arada sunan bu set, aile yemekleri ve davetler için ideal bir tercihtir.",https://www.pinkhometr.com.tr/urun/pnk98,8,images/PNK98/PNK98_01.png | images/PNK98/PNK98_02.png | images/PNK98/PNK98_03.webp | images/PNK98/PNK98_04.webp | images/PNK98/PNK98_05.png | images/PNK98/PNK98_06.webp | images/PNK98/PNK98_07.webp | images/PNK98/PNK98_08.webp
PNK99,pnk99,,"100x300 cm antik masa 1 adet 40x200cm bank Antik Ahşap Masa ve Bank – Tarihî Dokunuş ve Doğallığın Buluştuğu Tasarım Tamamen el yapımı ve antik bir ürün olan bu masa, doğal çatlaklar ve oyuklarla karakter kazanmıştır. Takımda yer alan bank, masayla uyumlu olarak hem şıklık hem de fonksiyonellik sunar. Ahşabın doğal dokusu ve antik yapısı, mekanınıza sıcaklık ve özgün bir estetik kazandırır. Hem görselliği hem de dayanıklılığı bir arada sunan bu set, yemek ve oturma alanlarınıza tarihî ve zarif bir dokunuş katar.",https://www.pinkhometr.com.tr/urun/pnk99,7,images/PNK99/PNK99_01.webp | images/PNK99/PNK99_02.png | images/PNK99/PNK99_03.webp | images/PNK99/PNK99_04.webp | images/PNK99/PNK99_05.webp | images/PNK99/PNK99_06.webp | images/PNK99/PNK99_07.png
PNK100,pnk100,,"300x300 cm Köşe Takımı Takım içeriği: 1 adet geniş köşe ve 1 adet berjer. Sehpa fiyata dahil değildir. Zarif çizgileri ve konforlu yapısıyla 300x300 Köşe Takımı , hem iç hem dış mekanlarda rahat bir oturma alanı oluşturur. Estetik tasarımıyla bahçe, teras veya veranda gibi alanlara doğal bir sıcaklık katar. Ürün Detayları Takım; bir adet köşe ve bir adet berjerden oluşur. Sehpa ürün fiyatına dahil değildir. Modern tasarımıyla farklı mekan konseptlerine kolayca uyum sağlar. Rahat oturum ve dayanıklı yapısıyla uzun ömürlü kullanım sunar. Bakım Önerisi Sezon sonunda ürünün kapalı bir alanda muhafaza edilmesi önerilir. Bu mümkün değilse koruma kılıfı kullanarak ömrünü uzatabilirsiniz. Temizlikte sert fırçalar veya ağır kimyasallar kullanılmamalı, hafif nemli bir bezle silinip doğal şekilde kuruması beklenmelidir. Garanti ve Teslimat Bilgisi Pink Home olarak tüm ürünlerimiz fatura tarihinden itibaren 2 yıl garanti kapsamındadır. Mobilya gibi büyük ebatlı ürünlerde özel nakliye hizmeti uygulanır. Ücret, il ve ilçe bilgisine göre değişkenlik gösterebilir ve ödeme sayfasında görüntülenebilir. Teslim aldığınız ürünü 30 gün içerisinde , kullanılmamış ve ambalajı bozulmamış şekilde iade edebilirsiniz.",https://www.pinkhometr.com.tr/urun/pnk100,9,images/PNK100/PNK100_01.webp | images/PNK100/PNK100_02.webp | images/PNK100/PNK100_03.webp | images/PNK100/PNK100_04.png | images/PNK100/PNK100_05.webp | images/PNK100/PNK100_06.webp | images/PNK100/PNK100_07.webp | images/PNK100/PNK100_08.png | images/PNK100/PNK100_09.jpg
PNK102,PNK 102,,"75x190cm 2 adet şezlong 50cm çap 1 adet Sehpa 2 Adet Şezlong ve 1 Adet Sehpa – Konfor ve Şıklığın Buluştuğu Set Özenle tasarlanmış bu şezlong seti, açık alanlarınıza hem konfor hem de estetik katar. İki şezlong, geniş ve ergonomik yapısıyla uzun süreli dinlenmelerinizde maksimum rahatlık sunar. Yanında yer alan sehpa, içeceklerinizi ve küçük eşyalarınızı kolayca ulaşabileceğiniz bir noktada tutar. Hem şıklığı hem de fonksiyonelliği bir arada sunan bu el yapımı tasarım, mekanınıza zarif ve davetkar bir dokunuş katacaktır.",https://www.pinkhometr.com.tr/urun/pnk6543,8,images/PNK102/PNK102_01.jpg | images/PNK102/PNK102_02.webp | images/PNK102/PNK102_03.webp | images/PNK102/PNK102_04.webp | images/PNK102/PNK102_05.webp | images/PNK102/PNK102_06.webp | images/PNK102/PNK102_07.jpg | images/PNK102/PNK102_08.webp
PNK103,PNK 103,,"160X200CM KÜTÜK KARYOLA 20X20CM KÜTÜKLERDEN OLUŞUR. Doğallık ve Sağlamlığın Buluştuğu Tasarım Özenle el yapımı olarak üretilmiş bu karyola, kütüklerden oluşan sağlam yapısıyla uzun ömürlü kullanım sunar. Doğal malzemenin verdiği sıcaklık ve estetik detaylar, yatak odanıza hem şıklık hem de huzurlu bir atmosfer kazandırır. Hem dayanıklılığı hem de doğal tasarımı ile bu karyola, konforlu bir uyku deneyimi sağlar ve mekanınıza özgün bir dokunuş katacaktır.",https://www.pinkhometr.com.tr/urun/pnk-103,3,images/PNK103/PNK103_01.png | images/PNK103/PNK103_02.png | images/PNK103/PNK103_03.png
PNK105,PNK 105,,"150X200 cm Loca Kavak Sırıkları ve Çam Karışık Kullanılmaktadır El Yapımı Loca – Doğal Malzemelerle Estetik ve Konfor Özenle hazırlanmış bu loca, kavak sırıkları ve çam karışımı kullanılarak üretilmiştir. Doğal malzemelerin sağladığı sıcaklık ve dayanıklılık, mekanınıza hem şıklık hem de huzurlu bir atmosfer katar. Özel tasarımıyla rahat ve konforlu bir kullanım sunan bu el yapımı loca, açık alanlarınıza zarif ve doğal bir dokunuş kazandırır.",https://www.pinkhometr.com.tr/urun/pnk-105,7,images/PNK105/PNK105_01.png | images/PNK105/PNK105_02.png | images/PNK105/PNK105_03.png | images/PNK105/PNK105_04.png | images/PNK105/PNK105_05.png | images/PNK105/PNK105_06.png | images/PNK105/PNK105_07.jpg
PNK142,Pnk 142,,"57x57cm örme sandalye . Örme Ahşap Sandalye – Doğallık ve Konforun Buluştuğu Tasarım Özenle el yapımı olarak üretilmiş bu örme sandalye, mekanınıza hem şıklık hem de fonksiyonel kullanım sunar. Örme detayları ve ahşabın doğal dokusu, oturma alanınıza sıcaklık ve zarif bir görünüm kazandırır. Ergonomik tasarımı sayesinde konforlu bir oturum sağlar. Hem estetiği hem de dayanıklılığı bir arada sunan bu sandalye, yemek alanları veya dinlenme köşeleri için ideal bir tercihtir.",https://www.pinkhometr.com.tr/urun/pnk-142,11,images/PNK142/PNK142_01.png | images/PNK142/PNK142_02.png | images/PNK142/PNK142_03.png | images/PNK142/PNK142_04.png | images/PNK142/PNK142_05.jpg | images/PNK142/PNK142_06.jpg | images/PNK142/PNK142_07.jpg | images/PNK142/PNK142_08.png | images/PNK142/PNK142_09.png | images/PNK142/PNK142_10.png | images/PNK142/PNK142_11.png
PNK144,PNK 144,,"100x200cm Masa 6 adet sandalye Ahşap Masa ve 6 Sandalye Takımı – Şıklık ve Konfor Bir Arada Özenle el yapımı olarak üretilmiş bu masa ve 6 sandalye takımı, yemek alanlarınıza hem estetik hem de fonksiyonel bir değer katar. Masanın sağlam yapısı ve sandalyelerin ergonomik tasarımı, konforlu bir kullanım sunar. Ahşabın doğal dokusu, mekanınıza sıcaklık ve zarif bir görünüm kazandırır. Hem şıklığı hem de kullanım kolaylığını bir arada sunan bu set, aile yemekleri ve davetler için ideal bir tercihtir.",https://www.pinkhometr.com.tr/urun/pnk-144,8,images/PNK144/PNK144_01.png | images/PNK144/PNK144_02.png | images/PNK144/PNK144_03.webp | images/PNK144/PNK144_04.webp | images/PNK144/PNK144_05.webp | images/PNK144/PNK144_06.webp | images/PNK144/PNK144_07.webp | images/PNK144/PNK144_08.png
PNK146,PNK 146,,"200x200cm Luka L Köşe Köşe derinliği 80cm’dir. Ölçüler dıştan dışa alınmaktadır. Sade tasarımı, konforlu yapısı ve zarif detaylarıyla Luka L Köşe , yaşam alanlarınıza şıklık ve rahatlık kazandırır. Hem iç hem dış mekanlarda kullanım için idealdir. Renk ve kumaş seçeneği bulunmayan bu model, sade tarzı sevenler için tasarlanmıştır. Fiyata yalnızca köşe ve minder dahildir. Ürün Detayları Dayanıklı yapısı uzun ömürlü kullanım sunar. Modern çizgileriyle bahçe, teras ve salon gibi farklı alanlara uyum sağlar. Rahat oturum minderi sayesinde uzun süreli konfor sağlar. Bakım Önerisi Sezon sonunda kapalı bir alanda muhafaza edilmesi önerilir. Bu mümkün değilse koruma kılıfı kullanarak ürünün ömrünü uzatabilirsiniz. Temizlikte sert fırçalar veya ağır kimyasallar kullanılmamalı, hafif nemli bir bezle silinip kuruması beklenmelidir. Garanti ve Teslimat Pink Home olarak, tüm ürünlerimiz fatura tarihinden itibaren 2 yıl garanti kapsamındadır. Mobilya gibi büyük ebatlı ürünlerde özel nakliye hizmeti uygulanır. Ücret, il ve ilçe bilgisine göre değişkenlik gösterebilir ve ödeme sayfasında görüntülenebilir. Teslim aldığınız ürünü 30 gün içerisinde , kullanılmamış ve ambalajı bozulmamış şekilde iade edebilirsiniz.",https://www.pinkhometr.com.tr/urun/pnk-146,9,images/PNK146/PNK146_01.png | images/PNK146/PNK146_02.png | images/PNK146/PNK146_03.png | images/PNK146/PNK146_04.png | images/PNK146/PNK146_05.png | images/PNK146/PNK146_06.png | images/PNK146/PNK146_07.png | images/PNK146/PNK146_08.png | images/PNK146/PNK146_09.jpg
PNK147,PNK 147,,"90x140x45cm Kütük Sehpa Kütük ağaçlardan yapılmaktadır. Dış mekanalara doğal ahşabın eşsiz dokuları...Ladin ağacından üretilen, bu sayede doğal çürüme, böceklenme ve hastalıklara karşı yüksek direnç gösteren bahçe kullanıma uygun dış ve iç mekan mobilyası. Ürün Detayları Ayak ve Tabla Mazlemesi:LADİN Bakım Önerisi: Sezon sonunda kapalı alanda tutmanız daha doğru olacaktır buna imkanınız yoksa koruma kılıfı kullanmanız mobilyanızın uzun ömürlü olmasını sağlar.Temizliği öncelikle çok sert olmayan bir fırça ile ağır kimyasallar içeren deterjanlar kullanmadan yapılmalı ardından hafif nemli bir bezle silinerek kuruması beklenmeli. Malzeme: %100 Ladin Pink Home olarak ürün gruplarımıza göre, tüm ürünlerimizde faturanız üzerinde bulunan tarihten itibaren 2 yıl garanti veya sorumluluk süremiz bulunmaktadır. Daha fazla bilgi için sıkça sorulan sorular bölümünü inceleyiniz. Mobilya gibi büyük ebatlı ürün teslimatlarında sevkiyat ücreti uygulanır. Sevkiyat ücreti gönderilecek il-ilçe bilgisine ve alışveriş tutarına göre değişmektedir. Sevkiyat ücret bilgileri ödeme kısmında özel nakliye kısmında yaklaşık olarak belirtilir. Kara ulaşımının olmadığı ilçe ve adalarda teslimat kara tarafından seçilen iskeleye kadar yapılabilmektedir. Siparişinizi, teslim aldığınız tarihten itibaren 30 gün içerisinde kullanmadığınız ve ürün ya da ambalajını (satılabilirliğini) bozmadığınız sürece iade edebilirsiniz.",https://www.pinkhometr.com.tr/urun/pnk-147,6,images/PNK147/PNK147_01.png | images/PNK147/PNK147_02.png | images/PNK147/PNK147_03.png | images/PNK147/PNK147_04.png | images/PNK147/PNK147_05.png | images/PNK147/PNK147_06.png
PNK148,PNK 148,,"220X90 cm Kanepe 90x90cm iki adet berjer 90x90cm sehpa Doğal Şıklığın ve El Emeğinin Buluştuğu Nokta Tamamen el işçiliğiyle üretilen bu oturma grubu, doğanın zarafetini yaşam alanınıza taşıyor. Her detayı özenle işlenmiş, sade ve güçlü çizgileriyle zamansız bir tasarım anlayışını yansıtıyor. Ahşabın kendine has dokusu, ortama sıcaklık ve samimiyet katarken, doğayla uyumlu yapısı sayesinde insan sağlığına dost bir kullanım sunuyor. Geniş oturum alanı ve konforlu minderleriyle ister terasınızda ister kış bahçenizde rahatlığın tadını çıkarabilirsiniz. Güneş ışığını zarif biçimde yansıtan yapısı, huzurlu ve dingin bir atmosfer oluşturur. Bu takım, sadece bir mobilya değil; doğanın sadeliğini ve el emeğinin değerini evinize taşıyan özel bir yaşam alanı oluşturur.",https://www.pinkhometr.com.tr/urun/pnk-148,12,images/PNK148/PNK148_01.png | images/PNK148/PNK148_02.png | images/PNK148/PNK148_03.png | images/PNK148/PNK148_04.png | images/PNK148/PNK148_05.png | images/PNK148/PNK148_06.png | images/PNK148/PNK148_07.png | images/PNK148/PNK148_08.png | images/PNK148/PNK148_09.png | images/PNK148/PNK148_10.png | images/PNK148/PNK148_11.png | images/PNK148/PNK148_12.png
PNK149,PNK 149,,"75x75cm 2 adet tekli 75x200cm 1 adet üçlü 70x120cm 1 adet sehpa Doğanın Zarafetini Evinize Taşıyın El işçiliğiyle özenle üretilen bu oturma grubu, doğallığın huzur veren dokusunu modern çizgilerle birleştiriyor. Her bir parça, ustalarımızın titiz emeğiyle şekillenmiş; bu sayede hem dayanıklılığı hem de estetik uyumu bir arada sunuyor. Ahşabın sıcaklığı, bulunduğu ortama doğal bir enerji kazandırırken, insan sağlığına dost yapısı sayesinde ferah ve konforlu bir yaşam alanı oluşturur. Rahat minderleri, sade ama karakterli tasarımıyla hem bahçenizde hem terasınızda keyifli anların vazgeçilmezi olur. Doğaya yakın, sade ve şık bir yaşam alanı arayanlar için zamansız bir tercih…",https://www.pinkhometr.com.tr/urun/pnk-149,8,images/PNK149/PNK149_01.png | images/PNK149/PNK149_02.webp | images/PNK149/PNK149_03.webp | images/PNK149/PNK149_04.webp | images/PNK149/PNK149_05.webp | images/PNK149/PNK149_06.png | images/PNK149/PNK149_07.webp | images/PNK149/PNK149_08.webp
PNK153,PNK 153,,"75x80cm 2 adet tekli 75x200cm 1 adet üçlü 50 ve 70 cm çap birer adet sehpa Doğanın Ruhu, El İşçiliğinin Zarafeti Bu özel oturma grubu, tamamen el işçiliğiyle şekillendirilmiş masif ahşap yapısıyla doğanın sıcaklığını yaşam alanınıza taşır. Her bir parça, ustalarının titiz emeğiyle biçimlendirilmiş, ahşabın doğal damar dokusu korunarak sade ama etkileyici bir tasarıma dönüştürülmüştür. Doğal yeşil tonlu minderler, ahşabın huzur veren karakteriyle mükemmel bir uyum yakalar. Bu kombinasyon, bulunduğu mekâna sadece rahatlık değil, aynı zamanda doğadan gelen bir dinginlik ve zarafet kazandırır. Ahşabın her dokunuşta hissettirdiği sıcaklık, el emeğinin değeriyle birleşerek mekânınızı sıradanlıktan uzaklaştırır. Bu takım, lüksü gösterişle değil, doğallığın inceliğiyle sunar.",https://www.pinkhometr.com.tr/urun/pnk-153,7,images/PNK153/PNK153_01.webp | images/PNK153/PNK153_02.webp | images/PNK153/PNK153_03.webp | images/PNK153/PNK153_04.png | images/PNK153/PNK153_05.webp | images/PNK153/PNK153_06.webp | images/PNK153/PNK153_07.webp
PNK156,PNK 156,,"150x200cm Meşe kabana Görseldeki gibi minderler ve kumaşlar dahildir. Dayanıklılık ve Doğallığın Buluştuğu Tasarım Özenle el yapımı olarak üretilmiş bu meşe kabana, mekanlarınıza hem şıklık hem de doğal bir sıcaklık katar. Sağlam ve estetik yapısıyla uzun yıllar boyunca güvenle kullanılabilir. Özel tasarımı sayesinde rahat ve konforlu bir kullanım sunar, hem görselliği hem de fonksiyonelliği bir arada sağlar.",https://www.pinkhometr.com.tr/urun/pnk-156,8,images/PNK156/PNK156_01.png | images/PNK156/PNK156_02.webp | images/PNK156/PNK156_03.webp | images/PNK156/PNK156_04.webp | images/PNK156/PNK156_05.png | images/PNK156/PNK156_06.webp | images/PNK156/PNK156_07.webp | images/PNK156/PNK156_08.webp
PNK157,PNK 157,,"59x59cm KOLLU SANDALYE Kollu Ahşap Sandalye – Konfor ve Doğallığın Buluştuğu Tasarım Özenle el yapımı olarak üretilmiş bu kollu sandalye, mekanınıza hem şıklık hem de konfor sunar. Ergonomik tasarımı, uzun süreli oturumlarda rahatlık sağlar. Ahşabın doğal dokusu ve kaliteli işçiliği, mekanınıza sıcaklık ve zarif bir görünüm kazandırır. Hem estetik hem de dayanıklılığı bir arada sunan bu sandalye, yemek alanları, çalışma köşeleri veya dinlenme alanları için ideal bir tercihtir.",https://www.pinkhometr.com.tr/urun/pnk-157,8,images/PNK157/PNK157_01.png | images/PNK157/PNK157_02.webp | images/PNK157/PNK157_03.webp | images/PNK157/PNK157_04.webp | images/PNK157/PNK157_05.png | images/PNK157/PNK157_06.webp | images/PNK157/PNK157_07.webp | images/PNK157/PNK157_08.png
PNK158,PNK 158,,"100x200cm masa Ahşap Masa – Doğallık ve Şıklığın Buluştuğu Tasarım Özenle el yapımı olarak üretilmiş bu masa, mekanınıza hem estetik hem de fonksiyonel bir değer katar. Sağlam ve kaliteli ahşap yapısı, uzun yıllar güvenle kullanılabilir. Ahşabın doğal dokusu, yemek veya çalışma alanlarınıza sıcaklık ve zarif bir görünüm kazandırır. Hem şıklığı hem de kullanım kolaylığını bir arada sunan bu masa, mekanınıza karakter katacak ideal bir tercihtir.",https://www.pinkhometr.com.tr/urun/pnk-158,7,images/PNK158/PNK158_01.png | images/PNK158/PNK158_02.webp | images/PNK158/PNK158_03.webp | images/PNK158/PNK158_04.webp | images/PNK158/PNK158_05.webp | images/PNK158/PNK158_06.webp | images/PNK158/PNK158_07.png
PNK161,PNK 161,,"300x200cm L Köşe Doğal dokusu ve zarif tasarımıyla dikkat çeken L köşe modelimiz , hem iç hem dış mekanlarda rahatlıkla kullanılabilir. Dayanıklı yapısı sayesinde uzun yıllar boyunca konforundan ve estetik görünümünden ödün vermez. Ürün Detayları Kaliteli işçilikle üretilmiştir. Yüksek konforlu minderleriyle uzun süreli oturumlarda dahi rahatlık sağlar. Bahçe, teras veya salon gibi farklı mekanlara kolayca uyum sağlar. Bakım Önerisi Sezon sonunda kapalı alanda muhafaza edilmesi önerilir. Bu mümkün değilse koruma kılıfı kullanarak ürününüzün ömrünü uzatabilirsiniz. Temizliği için sert fırçalar ve ağır kimyasallar yerine, hafif nemli bir bezle silmeniz yeterlidir. Garanti ve Teslimat Pink Home olarak, tüm ürünlerimiz fatura tarihinden itibaren 2 yıl garanti kapsamındadır. Mobilya gibi büyük ebatlı ürünlerde özel nakliye hizmeti uygulanır. Teslimat ücreti, il-ilçe bilgisine göre değişkenlik gösterebilir ve ödeme sayfasında görüntülenebilir. Teslim aldığınız ürünü, 30 gün içerisinde , kullanılmamış ve ambalajı bozulmamış şekilde iade edebilirsiniz.",https://www.pinkhometr.com.tr/urun/pnk-161,9,images/PNK161/PNK161_01.webp | images/PNK161/PNK161_02.webp | images/PNK161/PNK161_03.webp | images/PNK161/PNK161_04.webp | images/PNK161/PNK161_05.webp | images/PNK161/PNK161_06.png | images/PNK161/PNK161_07.webp | images/PNK161/PNK161_08.jpg | images/PNK161/PNK161_09.png
PNK171,PNK 171,,"57x57x45cm Sandalye Ahşap Sandalye – Doğallık ve Konforun Buluştuğu Tasarım Özenle el yapımı olarak üretilmiş bu sandalye, mekanınıza hem şıklık hem de fonksiyonel kullanım sunar. Sağlam yapısı ve ergonomik tasarımı, uzun süreli oturumlarda konfor sağlar. Ahşabın doğal dokusu, mekanınıza sıcaklık ve zarif bir görünüm kazandırır. Hem estetiği hem de dayanıklılığı bir arada sunan bu sandalye, yemek alanları, çalışma köşeleri veya dinlenme alanları için ideal bir tercihtir.",https://www.pinkhometr.com.tr/urun/pnk-171,5,images/PNK171/PNK171_01.webp | images/PNK171/PNK171_02.webp | images/PNK171/PNK171_03.webp | images/PNK171/PNK171_04.webp | images/PNK171/PNK171_05.webp
PNK175,PNK 175,,"Dış ve İç mekanda kullanılabilir 100x200cm masa. Sandalyeler hariçtir. Ahşap Masa – Geniş Ölçü Seçenekleri ile Şıklık ve Konfor Özenle el yapımı olarak üretilmiş bu masa, farklı ölçü seçenekleriyle mekanınıza mükemmel uyum sağlar. Sağlam ve kaliteli ahşap yapısı, uzun yıllar güvenle kullanılabilir. Doğal ahşap dokusu, yemek ve toplantı alanlarınıza sıcaklık ve estetik bir görünüm kazandırır. Farklı ölçü seçenekleri sayesinde hem küçük hem de geniş mekanlar için ideal bir tercih sunar. Hem şıklığı hem de fonksiyonelliği bir arada arayanlar için mükemmel bir tasarımdır.",https://www.pinkhometr.com.tr/urun/pnk-175,5,images/PNK175/PNK175_01.webp | images/PNK175/PNK175_02.webp | images/PNK175/PNK175_03.webp | images/PNK175/PNK175_04.webp | images/PNK175/PNK175_05.webp
PNK176,PNK 176,,"100x250cm Masa 6 adet kollu rustik sandalye Ahşap Masa ve 6 Kollu Rustik Sandalye – Doğallık ve Konforun Buluştuğu Takım Özenle el yapımı olarak üretilmiş bu masa ve 6 kollu rustik sandalye takımı, mekanınıza hem şıklık hem de fonksiyonel kullanım sunar. Masanın sağlam yapısı ve sandalyelerin ergonomik tasarımı, uzun süreli oturumlarda konfor sağlar. Ahşabın doğal dokusu ve rustik detayları, mekanınıza sıcaklık ve zarif bir görünüm kazandırır. Hem estetiği hem de dayanıklılığı bir arada sunan bu takım, yemek alanları veya toplantı köşeleri için ideal bir tercihtir.",https://www.pinkhometr.com.tr/urun/pnk-176,7,images/PNK176/PNK176_01.webp | images/PNK176/PNK176_02.webp | images/PNK176/PNK176_03.webp | images/PNK176/PNK176_04.jpg | images/PNK176/PNK176_05.jpg | images/PNK176/PNK176_06.webp | images/PNK176/PNK176_07.webp
PNK178,PNK 178,,"100X200CM RUSTİK MASA TAKIMI 6 ADET SANDALYE Rustik Ahşap Masa ve 6 Sandalye Takımı – Doğallık ve Şıklığın Buluştuğu Tasarım Özenle el yapımı olarak üretilmiş bu rustik masa ve 6 sandalye takımı, yemek alanlarınıza hem estetik hem de fonksiyonel bir değer katar. Masanın sağlam yapısı ve sandalyelerin ergonomik tasarımı, konforlu bir kullanım sunar. Ahşabın doğal dokusu ve rustik detayları, mekanınıza sıcaklık ve zarif bir görünüm kazandırır. Hem şıklığı hem de kullanım kolaylığını bir arada sunan bu set, aile yemekleri ve davetler için ideal bir tercihtir.",https://www.pinkhometr.com.tr/urun/pnk-178,6,images/PNK178/PNK178_01.webp | images/PNK178/PNK178_02.webp | images/PNK178/PNK178_03.webp | images/PNK178/PNK178_04.webp | images/PNK178/PNK178_05.webp | images/PNK178/PNK178_06.png
PNK179,pnk179,,"70cm ve 50 cm 2li orta sehpa Dış mekanalara doğal ahşabın eşsiz dokuları...KESTANE ağacından üretilen, bu sayede doğal çürüme, böceklenme ve hastalıklara karşı yüksek direnç gösteren bahçe kullanıma uygun dış ve iç mekan mobilyası. Ürün Detayları Ayak ve Tabla Mazlemesi:KESTANE Bakım Önerisi: Sezon sonunda kapalı alanda tutmanız daha doğru olacaktır buna imkanınız yoksa koruma kılıfı kullanmanız mobilyanızın uzun ömürlü olmasını sağlar.Temizliği öncelikle çok sert olmayan bir fırça ile ağır kimyasallar içeren deterjanlar kullanmadan yapılmalı ardından hafif nemli bir bezle silinerek kuruması beklenmeli. Malzeme: %100 Kestane Pink Home olarak ürün gruplarımıza göre, tüm ürünlerimizde faturanız üzerinde bulunan tarihten itibaren 2 yıl garanti veya sorumluluk süremiz bulunmaktadır. Daha fazla bilgi için sıkça sorulan sorular bölümünü inceleyiniz. Mobilya gibi büyük ebatlı ürün teslimatlarında sevkiyat ücreti uygulanır. Sevkiyat ücreti gönderilecek il-ilçe bilgisine ve alışveriş tutarına göre değişmektedir. Sevkiyat ücret bilgileri ödeme kısmında özel nakliye kısmında yaklaşık olarak belirtilir. Kara ulaşımının olmadığı ilçe ve adalarda teslimat kara tarafından seçilen iskeleye kadar yapılabilmektedir. Siparişinizi, teslim aldığınız tarihten itibaren 30 gün içerisinde kullanmadığınız ve ürün ya da ambalajını (satılabilirliğini) bozmadığınız sürece iade edebilirsiniz.",https://www.pinkhometr.com.tr/urun/pnk179,4,images/PNK179/PNK179_01.png | images/PNK179/PNK179_02.webp | images/PNK179/PNK179_03.webp | images/PNK179/PNK179_04.png
PNK180,PNK 180,,"50x50cm Relax Sandalye Relax Ahşap Sandalye – Konfor ve Doğallığın Buluştuğu Tasarım Özenle el yapımı olarak üretilmiş bu relax sandalye, mekanınıza hem şıklık hem de rahat bir kullanım sunar. Ergonomik tasarımı sayesinde uzun süreli oturumlarda maksimum konfor sağlar. Ahşabın doğal dokusu, oturma alanınıza sıcaklık ve zarif bir görünüm kazandırır. Hem estetiği hem de dayanıklılığı bir arada sunan bu sandalye, yemek alanları, dinlenme köşeleri veya balkonlar için ideal bir tercihtir.",https://www.pinkhometr.com.tr/urun/pnk-180-1,6,images/PNK180/PNK180_01.webp | images/PNK180/PNK180_02.webp | images/PNK180/PNK180_03.png | images/PNK180/PNK180_04.webp | images/PNK180/PNK180_05.webp | images/PNK180/PNK180_06.webp
PNK184,PNK 184,,"Tasarım Kütük Tv Ünitesi 35x150cm adet ölçüsüdür Dış mekanalara doğal ahşabın eşsiz dokuları...KESTANE ağacından üretilen, bu sayede doğal çürüme, böceklenme ve hastalıklara karşı yüksek direnç gösteren bahçe kullanıma uygun dış ve iç mekan mobilyası. Ürün Detayları Ayak ve Tabla Mazlemesi:KESTANE Bakım Önerisi: Sezon sonunda kapalı alanda tutmanız daha doğru olacaktır buna imkanınız yoksa koruma kılıfı kullanmanız mobilyanızın uzun ömürlü olmasını sağlar.Temizliği öncelikle çok sert olmayan bir fırça ile ağır kimyasallar içeren deterjanlar kullanmadan yapılmalı ardından hafif nemli bir bezle silinerek kuruması beklenmeli. Malzeme: %100 Kestane Pink Home olarak ürün gruplarımıza göre, tüm ürünlerimizde faturanız üzerinde bulunan tarihten itibaren 2 yıl garanti veya sorumluluk süremiz bulunmaktadır. Daha fazla bilgi için sıkça sorulan sorular bölümünü inceleyiniz. Mobilya gibi büyük ebatlı ürün teslimatlarında sevkiyat ücreti uygulanır. Sevkiyat ücreti gönderilecek il-ilçe bilgisine ve alışveriş tutarına göre değişmektedir. Sevkiyat ücret bilgileri ödeme kısmında özel nakliye kısmında yaklaşık olarak belirtilir. Kara ulaşımının olmadığı ilçe ve adalarda teslimat kara tarafından seçilen iskeleye kadar yapılabilmektedir. Siparişinizi, teslim aldığınız tarihten itibaren 30 gün içerisinde kullanmadığınız ve ürün ya da ambalajını (satılabilirliğini) bozmadığınız sürece iade edebilirsiniz.",https://www.pinkhometr.com.tr/urun/pnk-184,4,images/PNK184/PNK184_01.webp | images/PNK184/PNK184_02.webp | images/PNK184/PNK184_03.png | images/PNK184/PNK184_04.png
PNK186,PNK 186,,"100x200cm Meşe Ağacı Meşe Ağacı Masa – Doğallık ve Zarafetin Buluştuğu Tasarım Özenle el yapımı olarak üretilmiş bu meşe ağacı masa, mekanınıza hem estetik hem de fonksiyonel bir değer katar. Sağlam ve dayanıklı yapısı, uzun yıllar güvenle kullanım sağlar. Meşe ağacının doğal dokusu, yemek veya çalışma alanlarınıza sıcaklık ve zarif bir görünüm kazandırır. Hem şıklığı hem de kullanım kolaylığını bir arada sunan bu masa, mekanınıza karakter katacak ideal bir tercihtir.",https://www.pinkhometr.com.tr/urun/pnk-186,7,images/PNK186/PNK186_01.webp | images/PNK186/PNK186_02.webp | images/PNK186/PNK186_03.webp | images/PNK186/PNK186_04.png | images/PNK186/PNK186_05.webp | images/PNK186/PNK186_06.webp | images/PNK186/PNK186_07.png
PNK190,PNK 190,,"80x120cm antik sehpa Dış mekanalara doğal ahşabın eşsiz dokuları...KESTANE ağacından üretilen, bu sayede doğal çürüme, böceklenme ve hastalıklara karşı yüksek direnç gösteren bahçe kullanıma uygun dış ve iç mekan mobilyası. Ürün Detayları Ayak ve Tabla Mazlemesi:KESTANE Bakım Önerisi: Sezon sonunda kapalı alanda tutmanız daha doğru olacaktır buna imkanınız yoksa koruma kılıfı kullanmanız mobilyanızın uzun ömürlü olmasını sağlar.Temizliği öncelikle çok sert olmayan bir fırça ile ağır kimyasallar içeren deterjanlar kullanmadan yapılmalı ardından hafif nemli bir bezle silinerek kuruması beklenmeli. Malzeme: %100 Kestane Pink Home olarak ürün gruplarımıza göre, tüm ürünlerimizde faturanız üzerinde bulunan tarihten itibaren 2 yıl garanti veya sorumluluk süremiz bulunmaktadır. Daha fazla bilgi için sıkça sorulan sorular bölümünü inceleyiniz. Mobilya gibi büyük ebatlı ürün teslimatlarında sevkiyat ücreti uygulanır. Sevkiyat ücreti gönderilecek il-ilçe bilgisine ve alışveriş tutarına göre değişmektedir. Sevkiyat ücret bilgileri ödeme kısmında özel nakliye kısmında yaklaşık olarak belirtilir. Kara ulaşımının olmadığı ilçe ve adalarda teslimat kara tarafından seçilen iskeleye kadar yapılabilmektedir. Siparişinizi, teslim aldığınız tarihten itibaren 30 gün içerisinde kullanmadığınız ve ürün ya da ambalajını (satılabilirliğini) bozmadığınız sürece iade edebilirsiniz.",https://www.pinkhometr.com.tr/urun/pnk-190,3,images/PNK190/PNK190_01.webp | images/PNK190/PNK190_02.webp | images/PNK190/PNK190_03.webp
PNK191,PNK 191,,"80cm çap antik sehpa Dış mekanalara doğal ahşabın eşsiz dokuları...KESTANE ağacından üretilen, bu sayede doğal çürüme, böceklenme ve hastalıklara karşı yüksek direnç gösteren bahçe kullanıma uygun dış ve iç mekan mobilyası. Ürün Detayları Ayak ve Tabla Mazlemesi:KESTANE Bakım Önerisi: Sezon sonunda kapalı alanda tutmanız daha doğru olacaktır buna imkanınız yoksa koruma kılıfı kullanmanız mobilyanızın uzun ömürlü olmasını sağlar.Temizliği öncelikle çok sert olmayan bir fırça ile ağır kimyasallar içeren deterjanlar kullanmadan yapılmalı ardından hafif nemli bir bezle silinerek kuruması beklenmeli. Malzeme: %100 Kestane Pink Home olarak ürün gruplarımıza göre, tüm ürünlerimizde faturanız üzerinde bulunan tarihten itibaren 2 yıl garanti veya sorumluluk süremiz bulunmaktadır. Daha fazla bilgi için sıkça sorulan sorular bölümünü inceleyiniz. Mobilya gibi büyük ebatlı ürün teslimatlarında sevkiyat ücreti uygulanır. Sevkiyat ücreti gönderilecek il-ilçe bilgisine ve alışveriş tutarına göre değişmektedir. Sevkiyat ücret bilgileri ödeme kısmında özel nakliye kısmında yaklaşık olarak belirtilir. Kara ulaşımının olmadığı ilçe ve adalarda teslimat kara tarafından seçilen iskeleye kadar yapılabilmektedir. Siparişinizi, teslim aldığınız tarihten itibaren 30 gün içerisinde kullanmadığınız ve ürün ya da ambalajını (satılabilirliğini) bozmadığınız sürece iade edebilirsiniz.",https://www.pinkhometr.com.tr/urun/pnk-191,3,images/PNK191/PNK191_01.webp | images/PNK191/PNK191_02.webp | images/PNK191/PNK191_03.webp
PNK193,PNK 193,,"100X200CM EŞEK AYAK MASA Eşek Ayak Ahşap Masa – Doğallık ve Estetiğin Buluştuğu Tasarım Özenle el yapımı olarak üretilmiş bu eşek ayak masa, mekanınıza hem şıklık hem de fonksiyonel kullanım sunar. Masanın sağlam yapısı ve karakteristik eşek ayak tasarımı, uzun yıllar güvenle kullanım sağlar. Ahşabın doğal dokusu, yemek veya çalışma alanlarınıza sıcaklık ve zarif bir görünüm kazandırır. Hem estetiği hem de dayanıklılığı bir arada sunan bu masa, mekanınıza karakter katacak ideal bir tercihtir.",https://www.pinkhometr.com.tr/urun/pnk-193-1,7,images/PNK193/PNK193_01.jpg | images/PNK193/PNK193_02.webp | images/PNK193/PNK193_03.webp | images/PNK193/PNK193_04.webp | images/PNK193/PNK193_05.webp | images/PNK193/PNK193_06.webp | images/PNK193/PNK193_07.jpg
PNK194,PNK 194,,"160X200CM KÜTÜK KARYOLA 20X20CM KÜTÜKLERDEN OLUŞUR. Dış mekanalara doğal ahşabın eşsiz dokuları...Fırınlanmış Rus Çamı ağacından üretilen, bu sayede doğal çürüme, böceklenme ve hastalıklara karşı yüksek direnç gösteren bahçe kullanıma uygun dış ve iç mekan mobilyası. Ürün Detayları Ahşap Malzemesi:Fırınlanmış Rus Çamı Bakım Önerisi: Sezon sonunda kapalı alanda tutmanız daha doğru olacaktır buna imkanınız yoksa koruma kılıfı kullanmanız mobilyanızın uzun ömürlü olmasını sağlar.Temizliği öncelikle çok sert olmayan bir fırça ile ağır kimyasallar içeren deterjanlar kullanmadan yapılmalı ardından hafif nemli bir bezle silinerek kuruması beklenmeli. Malzeme: %100 Fırınlanmış Rus çamı Pink Home olarak ürün gruplarımıza göre, tüm ürünlerimizde faturanız üzerinde bulunan tarihten itibaren 2 yıl garanti veya sorumluluk süremiz bulunmaktadır. Daha fazla bilgi için sıkça sorulan sorular bölümünü inceleyiniz. Mobilya gibi büyük ebatlı ürün teslimatlarında sevkiyat ücreti uygulanır. Sevkiyat ücreti gönderilecek il-ilçe bilgisine ve alışveriş tutarına göre değişmektedir. Sevkiyat ücret bilgileri ödeme kısmında özel nakliye kısmında yaklaşık olarak belirtilir. Kara ulaşımının olmadığı ilçe ve adalarda teslimat kara tarafından seçilen iskeleye kadar yapılabilmektedir. Siparişinizi, teslim aldığınız tarihten itibaren 30 gün içerisinde kullanmadığınız ve ürün ya da ambalajını (satılabilirliğini) bozmadığınız sürece iade edebilirsiniz.",https://www.pinkhometr.com.tr/urun/pnk-182-1,5,images/PNK194/PNK194_01.webp | images/PNK194/PNK194_02.webp | images/PNK194/PNK194_03.jpg | images/PNK194/PNK194_04.jpg | images/PNK194/PNK194_05.jpg
PNK195,PNK 195,,"280x280cm L Köşe Takımı – 30cm Yan Sehpa Bölümü, 90cm Derinlik Ürün Özellikleri: L köşe tasarımı, mekanınıza estetik ve fonksiyonel bir kullanım sunar. Takıma dahil yan sehpa, pratik ve şık bir oturma düzeni oluşturur. Ayak ve tabla yapısı, uzun ömürlü ve sağlam bir kullanım sağlar. Bakım Önerisi: Sezon sonunda kapalı bir alanda muhafaza edilmesi önerilir. Eğer mümkün değilse, koruma kılıfı kullanımı mobilyanın ömrünü uzatır. Temizlik sırasında sert fırçalar ve ağır kimyasallar kullanılmamalıdır. Hafif nemli bir bez ile silinmesi ve kurumasının beklenmesi yeterlidir. Garanti: Ürünlerimiz, faturada belirtilen tarihten itibaren 2 yıl garanti kapsamındadır. Daha fazla bilgi için sıkça sorulan sorular bölümünü inceleyebilirsiniz. Teslimat ve Sevkiyat: Büyük ebatlı ürünlerde sevkiyat ücreti uygulanır ve il-ilçe bilgisine göre değişiklik gösterebilir. Kara ulaşımının olmadığı bölgelerde teslimat, kara tarafından seçilen iskeleye kadar yapılabilir.",https://www.pinkhometr.com.tr/urun/pnk-195-1,12,images/PNK195/PNK195_01.jpg | images/PNK195/PNK195_02.webp | images/PNK195/PNK195_03.png | images/PNK195/PNK195_04.webp | images/PNK195/PNK195_05.webp | images/PNK195/PNK195_06.png | images/PNK195/PNK195_07.png | images/PNK195/PNK195_08.png | images/PNK195/PNK195_09.webp | images/PNK195/PNK195_10.webp | images/PNK195/PNK195_11.webp | images/PNK195/PNK195_12.jpg
PNK196,PNK 196,,"60x55cm ipli sandalye İpli Ahşap Sandalye – Doğallık ve Konforun Buluştuğu Tasarım Özenle el yapımı olarak üretilmiş bu ipli sandalye, mekanınıza hem şıklık hem de fonksiyonel kullanım sunar. Ahşabın doğal dokusu ve ipli detayları, oturma alanınıza estetik bir dokunuş katarken, ergonomik tasarımı konforlu bir oturum sağlar. Hem estetiği hem de dayanıklılığı bir arada sunan bu sandalye, yemek alanları veya dinlenme köşeleri için ideal bir tercihtir.",https://www.pinkhometr.com.tr/urun/pnk-196,6,images/PNK196/PNK196_01.webp | images/PNK196/PNK196_02.webp | images/PNK196/PNK196_03.webp | images/PNK196/PNK196_04.png | images/PNK196/PNK196_05.webp | images/PNK196/PNK196_06.webp
PNK198,PNK 198,,"350x250cm L Köşe Takımı – Sehpa Dahil Ürün Detayları: Takıma dahil sehpa ölçüsü: 100x120 Sağlam ayak ve tabla yapısı, uzun ömürlü kullanım sağlar. Bakım Önerisi: Sezon sonunda kapalı bir alanda muhafaza edilmesi önerilir. Eğer bu mümkün değilse, koruma kılıfı kullanmanız mobilyanızın ömrünü uzatır. Temizlik sırasında sert fırçalar ve ağır kimyasallar kullanılmamalıdır. Hafif nemli bir bez ile silinmesi ve kurumasının beklenmesi yeterlidir. Garanti: Ürünlerimiz, faturada belirtilen tarihten itibaren 2 yıl garanti kapsamındadır. Daha fazla bilgi için sıkça sorulan sorular bölümüne bakabilirsiniz. Teslimat ve Sevkiyat: Büyük ebatlı ürünlerde sevkiyat ücreti uygulanır ve il-ilçe bilgisine göre değişiklik gösterebilir. Kara ulaşımının olmadığı bölgelerde teslimat, kara tarafından seçilen iskeleye kadar yapılabilmektedir.",https://www.pinkhometr.com.tr/urun/pnk-198,7,images/PNK198/PNK198_01.webp | images/PNK198/PNK198_02.webp | images/PNK198/PNK198_03.webp | images/PNK198/PNK198_04.webp | images/PNK198/PNK198_05.webp | images/PNK198/PNK198_06.webp | images/PNK198/PNK198_07.jpg
PNK204,PNK 204,,80x150cm Ahşap eskitme sehpa,https://www.pinkhometr.com.tr/urun/pnk-204,5,images/PNK204/PNK204_01.webp | images/PNK204/PNK204_02.jpg | images/PNK204/PNK204_03.webp | images/PNK204/PNK204_04.webp | images/PNK204/PNK204_05.jpg
PNK205,PNK 205,,"100x200cm Masa 1 adet üçlü bank 3 adet sandalye dahildir. Ahşap Masa, Üçlü Bank ve 3 Sandalye – Doğallık ve Konforun Buluştuğu Takım Özenle el yapımı olarak üretilmiş bu masa, üçlü bank ve 3 sandalye takımı, mekanınıza hem şıklık hem de fonksiyonel kullanım sunar. Masanın sağlam yapısı ve sandalyeler ile bankın ergonomik tasarımı, konforlu bir oturum sağlar. Ahşabın doğal dokusu, mekanınıza sıcaklık ve zarif bir görünüm kazandırırken, takımın bütünlüğü estetik bir oturma düzeni oluşturur. Hem estetiği hem de dayanıklılığı bir arada sunan bu takım, yemek alanları veya toplantı köşeleri için ideal bir tercihtir.",https://www.pinkhometr.com.tr/urun/pnk-205,5,images/PNK205/PNK205_01.webp | images/PNK205/PNK205_02.webp | images/PNK205/PNK205_03.webp | images/PNK205/PNK205_04.webp | images/PNK205/PNK205_05.webp
PNK206,PNK 206,,"160x200cm Yatak ölçüsü içindir. Yatağa Uyumlu Ahşap Karyola – Doğallık ve Konforun Buluştuğu Tasarım Özenle el yapımı olarak üretilmiş bu karyola, yatağınıza tam uyum sağlayacak şekilde tasarlanmıştır. Ahşabın doğal dokusu, yatak odanıza sıcaklık ve estetik bir görünüm kazandırırken, sağlam yapısı uzun yıllar güvenle kullanım sunar. Hem şıklığı hem de fonksiyonelliği bir arada sunan bu tasarım, konforlu bir uyku deneyimi ve zarif bir dekoratif dokunuş sağlar.",https://www.pinkhometr.com.tr/urun/pnk-206,2,images/PNK206/PNK206_01.webp | images/PNK206/PNK206_02.webp
PNK208,PNK 208,,120X80 SEHPA,https://www.pinkhometr.com.tr/urun/pnk-208,2,images/PNK208/PNK208_01.webp | images/PNK208/PNK208_02.webp
PNK209,PNK 209,,"57x150cm Tek gövde sehpa Dış mekanalara doğal ahşabın eşsiz dokuları...KESTANE ağacından üretilen, bu sayede doğal çürüme, böceklenme ve hastalıklara karşı yüksek direnç gösteren bahçe kullanıma uygun dış ve iç mekan mobilyası. Ürün Detayları Ayak ve Tabla Mazlemesi:KESTANE Bakım Önerisi: Sezon sonunda kapalı alanda tutmanız daha doğru olacaktır buna imkanınız yoksa koruma kılıfı kullanmanız mobilyanızın uzun ömürlü olmasını sağlar.Temizliği öncelikle çok sert olmayan bir fırça ile ağır kimyasallar içeren deterjanlar kullanmadan yapılmalı ardından hafif nemli bir bezle silinerek kuruması beklenmeli. Malzeme: %100 Kestane Pink Home olarak ürün gruplarımıza göre, tüm ürünlerimizde faturanız üzerinde bulunan tarihten itibaren 2 yıl garanti veya sorumluluk süremiz bulunmaktadır. Daha fazla bilgi için sıkça sorulan sorular bölümünü inceleyiniz. Mobilya gibi büyük ebatlı ürün teslimatlarında sevkiyat ücreti uygulanır. Sevkiyat ücreti gönderilecek il-ilçe bilgisine ve alışveriş tutarına göre değişmektedir. Sevkiyat ücret bilgileri ödeme kısmında özel nakliye kısmında yaklaşık olarak belirtilir. Kara ulaşımının olmadığı ilçe ve adalarda teslimat kara tarafından seçilen iskeleye kadar yapılabilmektedir. Siparişinizi, teslim aldığınız tarihten itibaren 30 gün içerisinde kullanmadığınız ve ürün ya da ambalajını (satılabilirliğini) bozmadığınız sürece iade edebilirsiniz.",https://www.pinkhometr.com.tr/urun/pnk-197-1,3,images/PNK209/PNK209_01.webp | images/PNK209/PNK209_02.webp | images/PNK209/PNK209_03.webp
PNK213,PNK 213,,100x150x45cm orta sehpa Kestane,https://www.pinkhometr.com.tr/urun/pnk-213,4,images/PNK213/PNK213_01.webp | images/PNK213/PNK213_02.png | images/PNK213/PNK213_03.webp | images/PNK213/PNK213_04.webp
PNK221,PNK 221,,150X80CM AYNA,https://www.pinkhometr.com.tr/urun/pnk-221,2,images/PNK221/PNK221_01.jpg | images/PNK221/PNK221_02.png
PNK270,PNK270,,35 CM ÇAP 50 CM YÜKSEKLİK,https://www.pinkhometr.com.tr/urun/pnk270,4,images/PNK270/PNK270_01.webp | images/PNK270/PNK270_02.webp | images/PNK270/PNK270_03.webp | images/PNK270/PNK270_04.png
PNK285,PNK 285,,"1 Adet Makrome Şemsiye – Sağlıklı ve Fonksiyonel Tasarım Özenle el yapımı olarak üretilmiş bu makrome şemsiye, sadece mekanınızı güneşten korumakla kalmaz, aynı zamanda dayanıklı ve sağlıklı kullanım sunar. Her bir detayında ustalığın izlerini taşıyan tasarımıyla, açık alanlarınıza şıklık ve konfor katar. Özel tasarımı sayesinde mekanınıza mükemmel uyum sağlar ve uzun süreli kullanımlarda bile güvenle tercih edilebilir.",https://www.pinkhometr.com.tr/urun/pnk-285,7,images/PNK285/PNK285_01.jpg | images/PNK285/PNK285_02.webp | images/PNK285/PNK285_03.webp | images/PNK285/PNK285_04.webp | images/PNK285/PNK285_05.webp | images/PNK285/PNK285_06.webp | images/PNK285/PNK285_07.webp
PNK297,PNK 297,,"200X100CM KESTANE MASA 4 ADET İPLİ SANDALYE (GRİ KETEN) 180CM BANK Kestane Ahşap Masa ve Sandalye-Bank Takımı – Doğallık ve Şıklığın Buluştuğu Tasarım Özenle el yapımı olarak üretilmiş bu kestane masa, 4 ipli sandalye ve 180’lik bank ile yemek alanınıza hem estetik hem de fonksiyonel bir değer katar. Masanın sağlam yapısı, sandalyelerin ergonomik tasarımı ve bankın konforu sayesinde uzun süreli oturumlar rahatlıkla sağlanır. Ahşabın doğal dokusu ve ipli detaylar, mekanınıza sıcaklık ve zarif bir görünüm kazandırır. Hem şıklığı hem de kullanım kolaylığını bir arada sunan bu set, aile yemekleri ve davetler için ideal bir tercihtir.",https://www.pinkhometr.com.tr/urun/pnk-297,7,images/PNK297/PNK297_01.webp | images/PNK297/PNK297_02.jpg | images/PNK297/PNK297_03.webp | images/PNK297/PNK297_04.webp | images/PNK297/PNK297_05.webp | images/PNK297/PNK297_06.webp | images/PNK297/PNK297_07.jpg
PNK299,PNK 299,,"Ahşap Yatak – Doğallık ve Konforun Buluştuğu Tasarım Özenle el yapımı olarak üretilmiş bu ahşap yatak, yatak odanıza sıcaklık ve doğal bir estetik kazandırır. Sağlam ve dayanıklı yapısı sayesinde uzun yıllar güvenle kullanılabilir. Ahşabın doğal dokusu, mekanınıza huzurlu bir atmosfer sunarken, ergonomik tasarımıyla konforlu bir uyku deneyimi sağlar. Hem şıklığı hem de fonksiyonelliği bir arada sunan bu tasarım, yatak odanıza zarif bir dokunuş katacaktır.",https://www.pinkhometr.com.tr/urun/pnk-299,4,images/PNK299/PNK299_01.webp | images/PNK299/PNK299_02.webp | images/PNK299/PNK299_03.png | images/PNK299/PNK299_04.png
PNK305,PNK 305,,220X100CM 35CM YÜKSEKLİK KÜTÜK AYAKLI İREKO AĞACI DAYBED.,https://www.pinkhometr.com.tr/urun/pnk-305,2,images/PNK305/PNK305_01.jpg | images/PNK305/PNK305_02.jpg
PNK0313,pnk0313,,"90x250cm Daybed Kanape Zarif ve konforlu tasarımıyla öne çıkan daybed kanape modelimiz , hem iç hem dış mekanlarda keyifli bir kullanım sunar. Tamamen doğal dokusunu koruyan yapısı sayesinde, bulunduğu ortama sıcak ve estetik bir hava katar. Sağlamlığı ve el işçiliğiyle uzun yıllar boyunca ilk günkü formunu korur. İster terasınızda, ister salonunuzda; rahatlığın ve doğallığın keyfini yaşayın.",https://www.pinkhometr.com.tr/urun/pnk0313,9,images/PNK0313/PNK0313_01.webp | images/PNK0313/PNK0313_02.webp | images/PNK0313/PNK0313_03.webp | images/PNK0313/PNK0313_04.webp | images/PNK0313/PNK0313_05.webp | images/PNK0313/PNK0313_06.webp | images/PNK0313/PNK0313_07.png | images/PNK0313/PNK0313_08.jpg | images/PNK0313/PNK0313_09.jpg
PNK315,PNK 315,,50x200x50cm Meşe Tv ünitesi,https://www.pinkhometr.com.tr/urun/pnk-315,4,images/PNK315/PNK315_01.webp | images/PNK315/PNK315_02.webp | images/PNK315/PNK315_03.png | images/PNK315/PNK315_04.webp
PNK388,PNK 388,,"160x200x200cm İROKO AHŞABINDAN LOCA Doğanın Zarafetini Yansıtan El Emeği Loca Tamamen el işçiliğiyle üretilen bu özel loca, doğal ahşabın sıcaklığını ve zarafetini yaşam alanlarınıza taşır. İroko ağacının dayanıklı ve doğal yapısı, ürüne hem uzun ömür hem de estetik bir karakter kazandırır. Ustaların özenli çalışmasıyla şekillenen bu tasarım, sade görünümüyle doğallığın en şık halini sunar. Ahşabın doğal yapısı, bulunduğu ortama ferahlık ve denge kazandırırken insan sağlığı açısından da son derece faydalıdır. Kimyasal işlem görmeden üretilmiş olması sayesinde, doğanın saf enerjisini hissettirir ve bulunduğu alanın havasını iyileştirir. Doğal malzemenin verdiği sıcaklık, dinlenme alanlarında huzuru artırır ve ortama sakin bir atmosfer kazandırır. Hem iç hem dış mekânlarda kullanılabilecek bu el yapımı loca, sağlam yapısı ve zarif tasarımıyla uzun yıllar size eşlik eder. Doğayla iç içe, estetik ve konforlu bir yaşam alanı oluşturmak isteyenler için ideal bir seçimdir.",https://www.pinkhometr.com.tr/urun/pnk-388,7,images/PNK388/PNK388_01.png | images/PNK388/PNK388_02.webp | images/PNK388/PNK388_03.webp | images/PNK388/PNK388_04.webp | images/PNK388/PNK388_05.webp | images/PNK388/PNK388_06.webp | images/PNK388/PNK388_07.webp
PNK420,pnk 420,,"100x250 cm ireko ağacı İroko Ağacı Masa – Dayanıklılık ve Doğallığın Buluştuğu Tasarım Özenle el yapımı olarak üretilmiş bu i̇roko ağacı masa, mekanınıza hem estetik hem de fonksiyonel bir değer katar. Sağlam ve dayanıklı yapısı, uzun yıllar güvenle kullanım sağlar. İroko ağacının doğal dokusu, yemek veya çalışma alanlarınıza sıcaklık ve zarif bir görünüm kazandırır. Hem şıklığı hem de kullanım kolaylığını bir arada sunan bu masa, mekanınıza karakter katacak ideal bir tercihtir.",https://www.pinkhometr.com.tr/urun/pnk-420,6,images/PNK420/PNK420_01.webp | images/PNK420/PNK420_02.webp | images/PNK420/PNK420_03.webp | images/PNK420/PNK420_04.jpg | images/PNK420/PNK420_05.webp | images/PNK420/PNK420_06.webp
PNK470,PNK 470,,"100x250cm 8 kişilik Masa Doğadan Gelen Zarafet: Iroko Ahşap 6-8 Kişilik Masa Takımı Zamansız tasarımı, doğal dokusu ve eşsiz dayanıklılığıyla yaşam alanlarınıza hem estetik hem de sağlık katacak bir masa takımıyla tanışın: Iroko Ahşap 6 Kişilik Masa Takımı. Iroko Ağacının Gücü Afrika kökenli olan iroko ağacı , doğal yağ oranı yüksek, son derece dayanıklı ve dış etkenlere karşı dirençli bir ağaç türüdür. Suya, güneşe ve nem değişimlerine karşı güçlü yapısıyla sadece iç mekanlarda değil, açık alanlarda da uzun ömürlü kullanım sunar. Uzun Ömürlü & Sağlıklı Kullanım Iroko ahşabı yalnızca sağlamlığıyla değil, aynı zamanda insan sağlığına olumlu etkileriyle de bilinir. Anti-bakteriyel özellikleri , doğal lif yapısı ve kimyasal işlem gerektirmeyen yapısıyla sağlıklı yaşam alanları oluşturur. Cilde temas ettiğinde sıcak ve doğal bir his verir, toksik madde barındırmaz. 6-8 Kişilik Konfor & Şıklık Geniş yüzeyi ve ergonomik tasarımıyla 6-8 kişinin rahatça oturabileceği şekilde tasarlanmıştır. İster ailenizle keyifli bir akşam yemeği, ister dostlarınızla uzun sohbetler… Bu masa takımı, her anınıza şıklık ve konfor katar. Özel Ölçü Seçeneği Her yaşam alanı farklıdır, biz de bunun farkındayız. Bu yüzden masa takımımız, sizin ihtiyacınıza göre özel ölçülerle üretilebilmektedir . Geniş balkonlar, dar mutfaklar ya da geniş salonlar için ideal çözümler sunuyoruz. Estetik ve El İşçiliği Her parça, ustalarımız tarafından özenle işlenir. Iroko’nun doğal damar yapısı ve sıcak rengiyle her masa takımımız benzersiz bir sanat eseri gibidir. Masanız zamanla patina kazanır, güzelleşir; yıllar geçtikçe karakter kazanır. Özel sipariş ve detaylı bilgi için bizimle iletişime geçin. Doğaya saygılı, sağlığa dost ve uzun ömürlü bir masa takımıyla yaşam alanınızı yeniden keşfedin.",https://www.pinkhometr.com.tr/urun/pnk-470,10,images/PNK470/PNK470_01.webp | images/PNK470/PNK470_02.webp | images/PNK470/PNK470_03.png | images/PNK470/PNK470_04.webp | images/PNK470/PNK470_05.jpg | images/PNK470/PNK470_06.webp | images/PNK470/PNK470_07.png | images/PNK470/PNK470_08.jpg | images/PNK470/PNK470_09.png | images/PNK470/PNK470_10.webp
PNK471,PNK 471,,"80x200cm 3lü Koltuk 80x150cm 2li Koltuk 80x80cm 2 adet tekli sehpa Doğallığın ve Şıklığın Buluştuğu El Yapımı Oturma Grubu Evlerinize sadece mobilya değil, doğanın huzurunu taşıyoruz. Tamamen iroko ağacından üretilen 3-2-1-1 oturma grubu ve 2 adet sehpasıyla, estetiği ve sağlamlığı bir araya getirdik. Neden iroko? Afrika’nın değerli ağaçlarından biri olan iroko, dayanıklılığıyla bilinir. Doğal dokusu ve sıcak tonlarıyla bulunduğu ortama huzur verir. Ahşabın canlı enerjisi, bulunduğu mekânda insanın ruhuna iyi gelir ve doğayla bağ kurmasını sağlar. El işçiliği & Özel Tasarım Her parça titizlikle el işçiliğiyle üretiliyor. Sadece standart ölçülerle değil, dilediğiniz boyut ve tasarımda da hazırlanabiliyor. Böylece evinizin ruhuna ve tarzına en uygun mobilyaya sahip oluyorsunuz. Dayanıklı, doğal ve size özel… Sadece bir mobilya değil, ömür boyu doğallığını koruyan bir yaşam alanı sunuyoruz.",https://www.pinkhometr.com.tr/urun/pnk-471,7,images/PNK471/PNK471_01.webp | images/PNK471/PNK471_02.webp | images/PNK471/PNK471_03.webp | images/PNK471/PNK471_04.webp | images/PNK471/PNK471_05.png | images/PNK471/PNK471_06.webp | images/PNK471/PNK471_07.webp
PNK472,PNK 472,,"160x200x200cm Loca Doğanın Gücüyle Şıklığın Buluşması – Kestane Ağacından Özel Tasarım Havuz kenarında, bahçenizde ya da terasınızda kendinize ait huzurlu bir köşe hayal edin. İşte bu eşsiz tasarım, tamamen kestane ağacından üretilerek doğallığın sıcaklığını yaşam alanlarınıza taşıyor. Kestane Ağacının Farkı Dayanıklılığıyla bilinen kestane ağacı, yıllara meydan okuyan sağlamlığı ve doğal dokusuyla öne çıkar. Nem ve dış etkenlere karşı yüksek direnci sayesinde uzun ömürlüdür. Ayrıca doğal görünümü, bulunduğu ortama hem estetik hem de samimi bir hava katar. Özel Ölçü & El İşçiliği Her detayında özenli el işçiliği bulunan tasarım, isteğe göre özel ölçü ve siparişle hazırlanabiliyor. Böylece ister geniş bahçenize, ister butik otelinize, ister villanıza tam uyumlu hale geliyor. Doğal, zarif ve huzur verici… Sadece bir mobilya değil, yaşamınıza doğanın ferahlığını taşıyan özel bir alan sunuyoruz.",https://www.pinkhometr.com.tr/urun/pnk-472,7,images/PNK472/PNK472_01.webp | images/PNK472/PNK472_02.webp | images/PNK472/PNK472_03.webp | images/PNK472/PNK472_04.png | images/PNK472/PNK472_05.webp | images/PNK472/PNK472_06.webp | images/PNK472/PNK472_07.webp
PNK473,PNK 473,,"45x150x80cm Doğallık ve İşlevselliğin Birleşimi – Ahşap Dolap Hem şık bir tasarım hem de kullanışlı bir depolama alanı arayanlar için özel olarak tasarlandı. Tamamen doğal ahşaptan üretilen bu dolap, dayanıklılığıyla uzun yıllar boyunca yaşam alanlarınızda yerini korur. Doğal Ahşabın Zarafeti Sıcak tonları ve doğal dokusuyla bulunduğu mekâna huzurlu bir hava katar. İster bahçede, ister verandada, ister iç mekânda… Her ortamla uyum sağlar. El İşçiliği & Özel Tasarım Kapaklı ve raflı yapısıyla hem şık hem de fonksiyonel bir depolama çözümü sunar. İhtiyaca göre özel ölçülerle sipariş edilebilir. Dayanıklı, estetik ve doğaya yakın… Sadece bir dolap değil; yaşam alanınıza doğal bir şıklık katan özel bir parça.",https://www.pinkhometr.com.tr/urun/pnk-473,4,images/PNK473/PNK473_01.png | images/PNK473/PNK473_02.webp | images/PNK473/PNK473_03.webp | images/PNK473/PNK473_04.webp
PNK474,PNK 474,,"Özel yatak ölçüsüne göre yapılmaktadır. Standar yatak ölçüsü 160x200cm dir. Doğallığın Huzuru – Masif Ahşap Yatak Evinizin en özel köşesi olan yatak odanıza, doğanın sıcaklığını taşıyoruz. Tamamen masif ahşaptan üretilen bu yatak, sade çizgileri ve doğal dokusuyla hem modern hem de zamansız bir tasarım sunuyor. Ahşabın Gücü Doğal ahşap, bulunduğu mekâna huzur ve sıcaklık katar. Dayanıklılığı sayesinde uzun yıllar güvenle kullanılırken, doğal enerjisi uyku kalitenize de olumlu etki eder. El İşçiliği & Özel Tasarım Her detayında ustalık barındıran yatak ve komodinler, tamamen el işçiliğiyle üretiliyor. İsteğe göre özel ölçülerle hazırlanarak yaşam alanınıza tam uyum sağlar. Sade, doğal ve zarif… Sadece bir yatak değil; hayatınıza doğanın dinginliğini ve modern şıklığını katacak özel bir parça.",https://www.pinkhometr.com.tr/urun/pnk-474,3,images/PNK474/PNK474_01.webp | images/PNK474/PNK474_02.webp | images/PNK474/PNK474_03.png
PNK475,PNK 475,,"110x350cm 1 adet daybed 110x300cm 1 adet daybed 110x102cm 2 adet tekli Doğal Zarafetin Yeni Tanımı Zamansız bir estetik anlayışıyla tasarlanan bu özel oturma grubu, sade çizgileri ve güçlü duruşuyla modern lüksü yeniden tanımlıyor. El işçiliğiyle şekillendirilmiş masif ahşap, her detayında doğanın asaletiyle bütünleşirken mekâna sofistike bir sıcaklık kazandırıyor. Yüksek konforlu oturum alanları ve dengeli oranları, konuklarınıza yalnızca rahatlık değil, aynı zamanda seçkin bir atmosfer sunar. Doğal malzemenin verdiği huzur, şehir manzarasının dinginliğiyle buluştuğunda, ortaya kusursuz bir denge çıkar. Bu oturma grubu, lüksün sessiz ama güçlü ifadesidir.",https://www.pinkhometr.com.tr/urun/pnk-475,7,images/PNK475/PNK475_01.png | images/PNK475/PNK475_02.webp | images/PNK475/PNK475_03.webp | images/PNK475/PNK475_04.webp | images/PNK475/PNK475_05.webp | images/PNK475/PNK475_06.webp | images/PNK475/PNK475_07.webp
PNK476,PNK 476,,"100x250 Ahşap Masa ve 6 Sandalye Takımı Sevdiklerinizle bir araya geldiğiniz sofralara doğallık katın. Masif ahşaptan üretilen bu masa ve 6 sandalyeden oluşan takım, sağlamlığı ve estetik tasarımıyla uzun yıllar kullanım için özel olarak tasarlanmıştır. Ahşabın doğal dokusu, bulunduğu ortama sıcaklık ve samimiyet katarken, insan ruhuna da huzur verir. Doğal malzemenin enerjisi, yaşam alanlarınıza dinginlik getirir. Her bir parça özenli el işçiliğiyle üretilir. Ayrıca standart ölçülerle sınırlı kalmadan, özel ölçü ve sipariş üzerine de hazırlanabilmektedir. Sadece bir mobilya değil, yaşam alanlarınıza doğallık ve zarafet katan özel bir tasarım sunuyoruz.",https://www.pinkhometr.com.tr/urun/pnk-476,7,images/PNK476/PNK476_01.webp | images/PNK476/PNK476_02.webp | images/PNK476/PNK476_03.webp | images/PNK476/PNK476_04.jpg | images/PNK476/PNK476_05.webp | images/PNK476/PNK476_06.webp | images/PNK476/PNK476_07.png
PNK477,PNK 477,,"100x230cm 1 adet ireko masa Ahşap Masa ve Oturma Takımı Doğallığın ve sağlamlığın buluştuğu bu özel tasarım; 6 adet tek kişilik sandalye, 1 adet uzun üç kişilik oturma alanı ve 1 adet masadan oluşmaktadır. Tamamen masif ahşaptan üretilen takım, hem estetik hem de dayanıklılığıyla öne çıkar. Ahşabın doğal dokusu, bulunduğu ortama sıcaklık katar ve insana huzur verir. Doğadan gelen bu enerji, yaşam alanlarınıza samimiyet ve dinginlik taşır. Her parça titizlikle el işçiliğiyle hazırlanır. Bununla birlikte yalnızca standart ölçülerle sınırlı değildir; özel ölçü ve sipariş imkânı sayesinde mekanlarınıza tam uyum sağlayacak şekilde üretim yapılabilmektedir. Bu takım, sadece bir mobilya değil, doğallığıyla yaşam alanlarınıza değer katan özel bir tasarımdır.",https://www.pinkhometr.com.tr/urun/pnk-477,7,images/PNK477/PNK477_01.webp | images/PNK477/PNK477_02.webp | images/PNK477/PNK477_03.webp | images/PNK477/PNK477_04.jpg | images/PNK477/PNK477_05.webp | images/PNK477/PNK477_06.png | images/PNK477/PNK477_07.webp
PNK478,PNK 478,,"Ahşap Oturma Grubu ve Orta Masa Doğallığı yaşam alanlarınıza taşıyan bu özel tasarım; iki kenarı eşit uzunlukta olan oturma grubu ve tam ortasında yer alan küçük bir masa ile bütünlük sağlar. Hem işlevsel hem de estetik yapısıyla keyifli buluşmaların merkezi olur. Masif ahşaptan üretilen takım, sağlamlığı ve zamansız şıklığıyla öne çıkar. Ahşabın doğal dokusu bulunduğu mekâna sıcaklık katar, insana huzur verir ve yaşam alanlarına doğadan gelen dinginliği taşır. Her parça ustalıkla el işçiliğiyle hazırlanır. Sadece standart ölçülerle değil, özel ölçü ve sipariş imkânı sayesinde mekanınıza tam uyum sağlayacak şekilde üretilebilir. Bu takım, sadece bir mobilya değil, doğallığı ve işlevselliği bir araya getiren özel bir yaşam alanıdır.",https://www.pinkhometr.com.tr/urun/pnk-478,7,images/PNK478/PNK478_01.webp | images/PNK478/PNK478_02.webp | images/PNK478/PNK478_03.webp | images/PNK478/PNK478_04.webp | images/PNK478/PNK478_05.webp | images/PNK478/PNK478_06.webp | images/PNK478/PNK478_07.png
PNK479,PNK 479,,"100x250 Ahşap Masa ve 8 Sandalye Takımı Sevdiklerinizle bir araya geldiğiniz sofraları, doğanın sıcaklığıyla buluşturun. Tamamen masif ahşaptan üretilen bu takım; 1 adet geniş masa ve 8 adet tekli sandalyeden oluşmaktadır. Sağlamlığı, zarif tasarımı ve doğal görünümüyle uzun yıllar kullanım için idealdir. Ahşabın doğal dokusu, bulunduğu ortama huzur ve samimiyet katar. Doğadan gelen bu enerji, yalnızca bir yemek alanı değil, aynı zamanda keyifli sohbetlerin ve paylaşımların merkezi olur. Her parça özenli el işçiliğiyle hazırlanır. Sadece standart ölçülerle sınırlı kalmaz; özel ölçü ve sipariş imkânı sayesinde, mekânınıza tam uyum sağlayacak şekilde üretim yapılabilir. Bu masa sandalye grubu, sadece bir mobilya değil; doğallığıyla yaşam alanlarınıza estetik ve huzur katan özel bir tasarımdır.",https://www.pinkhometr.com.tr/urun/pnk-479,7,images/PNK479/PNK479_01.webp | images/PNK479/PNK479_02.webp | images/PNK479/PNK479_03.png | images/PNK479/PNK479_04.webp | images/PNK479/PNK479_05.jpg | images/PNK479/PNK479_06.webp | images/PNK479/PNK479_07.webp
PNK480,PNK 480,,"100x200 Doğal ahşabın sıcaklığını ve estetiğini evinize taşıyan özel tasarım bir masa ve sandalye takımı sizlerle. Uzun masanın iki yanında karşılıklı olarak ikişer sandalye, başlarında ise karşılıklı birer sandalye ile tamamlanan bu set, hem şık hem de fonksiyonel bir kullanım sunar. Her bir parça özenle hazırlanmış olup, doğal ahşabın insana verdiği huzur ve sıcaklığı hissettirir. Özel ölçülerle ve tamamen sizin isteğinize göre sipariş edilerek üretilmektedir, böylece hem evinize hem de yaşam tarzınıza mükemmel uyum sağlar. Bu takım, hem günlük kullanım hem de özel davetler için ideal bir seçimdir.",https://www.pinkhometr.com.tr/urun/pnk-480,7,images/PNK480/PNK480_01.webp | images/PNK480/PNK480_02.webp | images/PNK480/PNK480_03.webp | images/PNK480/PNK480_04.jpg | images/PNK480/PNK480_05.webp | images/PNK480/PNK480_06.webp | images/PNK480/PNK480_07.png
PNK481,PNK 481,,"80x80cm 2 adet tekli 80x200cm 1 adet üçlü 80x120cm 1 adet sehpa Doğal ahşabın sıcaklığını ve zarafetini evinize taşıyan özel tasarım oturma grubu sizlerle. 1-1-3 kişilik düzeniyle konfor ve estetiği bir arada sunan bu set, ortasında yer alan küçük masa ile hem kullanım kolaylığı hem de şıklık sağlar. Her bir parça, doğal ahşabın insana verdiği huzur ve sıcaklığı yansıtacak şekilde özenle hazırlanmıştır. Özel ölçülerle ve tamamen sizin isteklerinize göre sipariş edilerek üretilmektedir, böylece yaşam alanınıza mükemmel uyum sağlar. Bu oturma grubu, hem günlük kullanım hem de misafirlerinizi ağırlamak için ideal bir seçenektir.",https://www.pinkhometr.com.tr/urun/pnk-481,7,images/PNK481/PNK481_01.webp | images/PNK481/PNK481_02.webp | images/PNK481/PNK481_03.webp | images/PNK481/PNK481_04.webp | images/PNK481/PNK481_05.png | images/PNK481/PNK481_06.webp | images/PNK481/PNK481_07.webp
PNK482,PNK 482,,"100x250cm Doğal ahşabın sıcaklığını ve estetiğini evinize taşıyan özel tasarım masa ve sandalye takımı sizlerle. 1-1-2-2 düzenindeki bu set, hem şık hem de fonksiyonel bir kullanım sunar. Her bir parça, doğal ahşabın insana verdiği huzur ve sıcaklığı yansıtacak şekilde özenle hazırlanmıştır. Özel ölçülerle ve tamamen sizin isteklerinize göre sipariş edilerek üretilmektedir, böylece yaşam alanınıza mükemmel uyum sağlar. Hem günlük kullanım hem de özel davetler için ideal bir seçenek olan bu takım, evinize doğal bir dokunuş katacaktır.",https://www.pinkhometr.com.tr/urun/pnk-482,7,images/PNK482/PNK482_01.webp | images/PNK482/PNK482_02.webp | images/PNK482/PNK482_03.webp | images/PNK482/PNK482_04.jpg | images/PNK482/PNK482_05.webp | images/PNK482/PNK482_06.webp | images/PNK482/PNK482_07.png
PNK483,PNK 483,,"300x160cm L köşe Doğal ahşabın sıcaklığını ve zarafetini yaşam alanınıza taşıyan L şeklinde özel tasarım oturma grubu sizlerle. kullanım rahatlığı ve estetiği bir arada sunar. Her bir parça, doğal ahşabın insana verdiği huzur ve sıcaklığı yansıtacak şekilde özenle hazırlanmıştır. Özel ölçülerle ve tamamen sizin isteğinize göre sipariş edilerek üretilmektedir, böylece evinize mükemmel uyum sağlar. Bu oturma grubu, hem günlük kullanım hem de misafirlerinizi ağırlamak için ideal bir seçenektir.",https://www.pinkhometr.com.tr/urun/pnk-483,7,images/PNK483/PNK483_01.webp | images/PNK483/PNK483_02.webp | images/PNK483/PNK483_03.png | images/PNK483/PNK483_04.webp | images/PNK483/PNK483_05.webp | images/PNK483/PNK483_06.webp | images/PNK483/PNK483_07.webp
PNK484,PNK 484,,"75x80cm 2 Adet tekli 65x60cm 2 Adet sandalye 75x150cm 1 Adet ikili 70x120cm sehpa Doğal ahşabın sıcaklığını ve zarafetini yaşam alanınıza taşıyan özel tasarım oturma grubu sizlerle. Ortada 3 kişilik koltuk, karşısında masa ve masanın her iki yanında tek kişilik koltuklar ile tamamlanan bu düzen, konfor ve estetiği bir arada sunar. Ayrıca, 3 kişilik koltuğun karşısında yan yana konumlanmış iki tek kişilik sandalye ile geniş oturma imkânı sağlar. Her bir parça, doğal ahşabın insana verdiği huzur ve sıcaklığı yansıtacak şekilde özenle hazırlanmıştır. Özel ölçülerle ve tamamen sizin isteğinize göre sipariş edilerek üretilmektedir, böylece yaşam alanınıza mükemmel uyum sağlar. Bu oturma grubu, hem günlük kullanım hem de misafirlerinizi ağırlamak için ideal bir seçenektir.",https://www.pinkhometr.com.tr/urun/pnk-484,7,images/PNK484/PNK484_01.png | images/PNK484/PNK484_02.webp | images/PNK484/PNK484_03.webp | images/PNK484/PNK484_04.webp | images/PNK484/PNK484_05.webp | images/PNK484/PNK484_06.webp | images/PNK484/PNK484_07.webp
PNK485,PNK 485,,"40x250cm TV ünitesi Doğal ahşabın sıcaklığını ve zarafetini evinize taşıyan özel tasarım TV ünitesi sizlerle. Minimalist yapısı ve sade tasarımıyla dikkat çeken bu ünite, çekmecesiz yapısıyla modern ve ferah bir görünüm sunar. Her parça, doğal ahşabın insana verdiği huzur ve sıcaklığı yansıtacak şekilde özenle hazırlanmıştır. Özel ölçülerle ve tamamen sizin isteğinize göre sipariş edilerek üretilmektedir, böylece yaşam alanınıza mükemmel uyum sağlar. Bu TV ünitesi, hem şık hem de fonksiyonel bir çözüm arayanlar için ideal bir seçimdir.",https://www.pinkhometr.com.tr/urun/pnk-485,4,images/PNK485/PNK485_01.webp | images/PNK485/PNK485_02.png | images/PNK485/PNK485_03.webp | images/PNK485/PNK485_04.webp
PNK486,PNK 486,,"100x250 Masa Takımı 8 sanda Doğal ahşabın sıcaklığını ve zarafetini yaşam alanınıza taşıyan özel tasarım 8 kişilik masa ve sandalye takımı sizlerle. Özenle hazırlanmış bu takım, geniş kullanım alanı ve şık görünümüyle hem aile yemekleri hem de davetler için ideal bir çözüm sunar. Her parça, doğal ahşabın insana verdiği huzur ve sıcaklığı yansıtacak şekilde özenle tasarlanmıştır. Özel ölçülerle ve tamamen sizin isteğinize göre sipariş edilerek üretilmektedir, böylece yaşam alanınıza mükemmel uyum sağlar. Bu masa ve sandalye takımı, hem fonksiyonel hem de estetik bir seçim arayanlar için ideal bir tercihtir.",https://www.pinkhometr.com.tr/urun/pnk-486,7,images/PNK486/PNK486_01.png | images/PNK486/PNK486_02.webp | images/PNK486/PNK486_03.webp | images/PNK486/PNK486_04.webp | images/PNK486/PNK486_05.jpg | images/PNK486/PNK486_06.webp | images/PNK486/PNK486_07.webp
PNK487,PNK 487,,"100x250 cm Masa Takımı. 8 sandalye Doğal ahşabın sıcaklığını ve zarafetini yaşam alanınıza taşıyan özel tasarım 6 kişilik masa ve sandalye takımı sizlerle. Özenle hazırlanmış bu takım, geniş kullanım alanı ve şık görünümüyle hem aile yemekleri hem de davetler için ideal bir çözüm sunar. Her parça, doğal ahşabın insana verdiği huzur ve sıcaklığı yansıtacak şekilde özenle tasarlanmıştır. Özel ölçülerle ve tamamen sizin isteğinize göre sipariş edilerek üretilmektedir, böylece yaşam alanınıza mükemmel uyum sağlar. Bu masa ve sandalye takımı, hem fonksiyonel hem de estetik bir seçim arayanlar için ideal bir tercihtir.",https://www.pinkhometr.com.tr/urun/pnk-487,7,images/PNK487/PNK487_01.png | images/PNK487/PNK487_02.webp | images/PNK487/PNK487_03.webp | images/PNK487/PNK487_04.webp | images/PNK487/PNK487_05.jpg | images/PNK487/PNK487_06.webp | images/PNK487/PNK487_07.webp
PNK488,PNK 488,,"90x160cm Masa Takımı Doğal ahşabın sıcaklığını ve estetiğini evinize taşıyan özel tasarım 4 kişilik masa ve sandalye takımı sizlerle. Kompakt yapısı ile hem küçük alanlara uyum sağlar hem de şık ve sıcak bir yemek deneyimi sunar. Her bir parça, doğal ahşabın insana verdiği huzur ve rahatlığı yansıtacak şekilde özenle hazırlanmıştır. Özel ölçülerle ve tamamen sizin isteğinize göre sipariş edilerek üretilmektedir, böylece yaşam alanınıza mükemmel uyum sağlar. Bu masa ve sandalye takımı, hem günlük kullanım hem de özel davetler için ideal bir seçenektir.",https://www.pinkhometr.com.tr/urun/pnk-488,7,images/PNK488/PNK488_01.png | images/PNK488/PNK488_02.webp | images/PNK488/PNK488_03.webp | images/PNK488/PNK488_04.webp | images/PNK488/PNK488_05.jpg | images/PNK488/PNK488_06.webp | images/PNK488/PNK488_07.webp
PNK489,PNK 489,,"100x300cm Daybed Doğal ahşabın sıcaklığını ve zarafetini evinize taşıyan özel tasarım oturma grubu sizlerle. Karşılıklı yerleştirilmiş tek kişilik koltuklar ve yanında konumlanmış oturma yeri, hem şık hem de konforlu bir kullanım sunar. Her bir parça, doğal ahşabın insana verdiği huzur ve sıcaklığı yansıtacak şekilde özenle hazırlanmıştır. Özel ölçülerle ve tamamen sizin isteğinize göre sipariş edilerek üretilmektedir, böylece yaşam alanınıza mükemmel uyum sağlar. Bu oturma grubu, hem günlük kullanım hem de misafirlerinizi ağırlamak için ideal bir seçimdir.",https://www.pinkhometr.com.tr/urun/pnk-490,7,images/PNK489/PNK489_01.webp | images/PNK489/PNK489_02.webp | images/PNK489/PNK489_03.webp | images/PNK489/PNK489_04.png | images/PNK489/PNK489_05.webp | images/PNK489/PNK489_06.webp | images/PNK489/PNK489_07.webp
